dataset,cluster,model,selection_method,opt_metric,n_features_selected,features_percent,balanced_accuracy_mean,balanced_accuracy_std,accuracy_mean,accuracy_std
adult,C3,DT,attention,log_loss,1,0.1,0.5258395984195702,0.006094815456787194,0.7121342465682506,0.0036405468325822676
adult,C3,DT,attention,log_loss,2,0.2,0.5275422048723002,0.0062986124949121584,0.7119306065712533,0.00393237832756383
adult,C3,DT,attention,log_loss,4,0.3,0.620605822757071,0.012200734664552957,0.6642587602473603,0.011137983117689534
adult,C3,DT,decision_tree,log_loss,1,0.1,0.5,0.0,0.6968710314532809,0.00018763288595295477
adult,C3,DT,decision_tree,log_loss,2,0.2,0.595733762125747,0.010818215840414784,0.6398369482215476,0.009007304597312396
adult,C3,DT,decision_tree,log_loss,4,0.3,0.6289316310671633,0.005351363589688385,0.6844566019274227,0.008078853695017789
adult,C3,DT,f_classif,log_loss,1,0.1,0.5,0.0,0.6968710314532809,0.00018763288595295477
adult,C3,DT,f_classif,log_loss,2,0.2,0.5089042752564158,0.003818619266849717,0.6995673523694149,0.0025300744847059414
adult,C3,DT,f_classif,log_loss,4,0.3,0.6723672681326771,0.013305055708448086,0.7454579246684735,0.00939196722284374
adult,C3,DT,linear_model,log_loss,1,0.1,0.5258395984195702,0.006094815456787194,0.7121342465682506,0.0036405468325822676
adult,C3,DT,linear_model,log_loss,2,0.2,0.5255987938248099,0.0061676820244301895,0.7119307101126271,0.003674260177377412
adult,C3,DT,linear_model,log_loss,4,0.3,0.5395071065946654,0.006799679944789396,0.7134058899510508,0.004938073447174034
adult,C3,DT,random,log_loss,1,0.1,0.5426343247056712,0.0074241315659181175,0.5902822537850844,0.005165577967640272
adult,C3,DT,random,log_loss,2,0.2,0.5962410359250809,0.03011673187542414,0.7149309508463213,0.008462825822592923
adult,C3,DT,random,log_loss,4,0.3,0.6435066623002725,0.009123388120149966,0.7073506350969018,0.008179302521409476
adult,C3,DT,random_1,log_loss,1,0.1,0.5258395984195702,0.006094815456787194,0.7121342465682506,0.0036405468325822676
adult,C3,DT,random_1,log_loss,2,0.2,0.6653439448973182,0.014035633671465262,0.761839697245023,0.01041137752094411
adult,C3,DT,random_1,log_loss,4,0.3,0.6407227830382792,0.010607782047703665,0.7382328334873511,0.009800410395155574
adult,C3,DT,random_2,log_loss,1,0.1,0.5744013397520057,0.006499966804138763,0.722055373926729,0.004699586902276512
adult,C3,DT,random_2,log_loss,2,0.2,0.5086047533128968,0.004205414878165431,0.6987532842029515,0.0029741497359486936
adult,C3,DT,random_2,log_loss,4,0.3,0.5819428219943619,0.014944741647489343,0.6399886104488777,0.010077159118666232
adult,C3,DT,random_3,log_loss,1,0.1,0.5258395984195702,0.006094815456787194,0.7121342465682506,0.0036405468325822676
adult,C3,DT,random_3,log_loss,2,0.2,0.5086047533128968,0.004205414878165431,0.6987532842029515,0.0029741497359486936
adult,C3,DT,random_3,log_loss,4,0.3,0.6709864024101637,0.006794581132655317,0.7591954058692428,0.006566811694740015
adult,C3,DT,random_4,log_loss,1,0.1,0.5744013397520057,0.006499966804138763,0.722055373926729,0.004699586902276512
adult,C3,DT,random_4,log_loss,2,0.2,0.5007757050143117,0.0020792599130175626,0.6945816540216764,0.0019554942433163565
adult,C3,DT,random_4,log_loss,4,0.3,0.595754858351181,0.011069686632369678,0.6543375293475082,0.010394038968803004
adult,C3,KNN,attention,log_loss,1,0.1,0.5193698187440976,0.0033144205195410024,0.3306533719542658,0.004539341782049885
adult,C3,KNN,attention,log_loss,2,0.2,0.5229702175455727,0.004042823898018425,0.33752194429991794,0.00516669548086319
adult,C3,KNN,attention,log_loss,4,0.3,0.5999575479334596,0.017727700319227106,0.6796239118448744,0.013476687341871818
adult,C3,KNN,decision_tree,log_loss,1,0.1,0.5000621461022722,0.0002551695812167612,0.3032816144171009,0.00037265132871454164
adult,C3,KNN,decision_tree,log_loss,2,0.2,0.5768968816419469,0.013980510699459938,0.6628849215285813,0.01007175093184002
adult,C3,KNN,decision_tree,log_loss,4,0.3,0.663420830897482,0.006806842830847944,0.7332483776360986,0.006080696830147417
adult,C3,KNN,f_classif,log_loss,1,0.1,0.5000621461022722,0.0002551695812167612,0.3032816144171009,0.00037265132871454164
adult,C3,KNN,f_classif,log_loss,2,0.2,0.5188509939038403,0.0050763715657305905,0.33151711409482837,0.006962884711608639
adult,C3,KNN,f_classif,log_loss,4,0.3,0.706153243376417,0.01147644055777445,0.6467569547446541,0.011363886995765807
adult,C3,KNN,linear_model,log_loss,1,0.1,0.5193698187440976,0.0033144205195410024,0.3306533719542658,0.004539341782049885
adult,C3,KNN,linear_model,log_loss,2,0.2,0.5186509995454242,0.0035790380671158455,0.3302462731576754,0.004810320136416598
adult,C3,KNN,linear_model,log_loss,4,0.3,0.5515019365565047,0.010637434908581881,0.38158208630691215,0.014102945744445901
adult,C3,KNN,random,log_loss,1,0.1,0.5034723095005592,0.0032646856463683315,0.3081660751865686,0.005057261568246044
adult,C3,KNN,random,log_loss,2,0.2,0.5019750052841868,0.0017502430145312831,0.30674103525842633,0.0021364035667742367
adult,C3,KNN,random,log_loss,4,0.3,0.5932219975103171,0.011139908961184497,0.48328676560044936,0.015381401690788539
adult,C3,KNN,random_1,log_loss,1,0.1,0.5020808120719407,0.0016169208576877383,0.3066901964438715,0.001950737333980863
adult,C3,KNN,random_1,log_loss,2,0.2,0.5260735672468767,0.005434160555531732,0.3425080826984953,0.006873759341647545
adult,C3,KNN,random_1,log_loss,4,0.3,0.594689407165587,0.006208529019502972,0.4490449602530552,0.007503994943954753
adult,C3,KNN,random_2,log_loss,1,0.1,0.5009746614979204,0.0006413175058290177,0.30455354253867917,0.0007198963598687111
adult,C3,KNN,random_2,log_loss,2,0.2,0.5480484810539037,0.0036368323084102153,0.37247510477092766,0.005041639880366527
adult,C3,KNN,random_2,log_loss,4,0.3,0.6930881364887415,0.009035813441354379,0.6647667859981,0.009283078008873203
adult,C3,KNN,random_3,log_loss,1,0.1,0.5079216024122225,0.004512993138332958,0.3199185388241324,0.006667623527132136
adult,C3,KNN,random_3,log_loss,2,0.2,0.5186509995454242,0.0035790380671158455,0.3302462731576754,0.004810320136416598
adult,C3,KNN,random_3,log_loss,4,0.3,0.5399796584169677,0.006182738887107379,0.3760364620947973,0.006627842683910305
adult,C3,KNN,random_4,log_loss,1,0.1,0.5199865962111155,0.005083869805526037,0.3332986987437843,0.006681170529168352
adult,C3,KNN,random_4,log_loss,2,0.2,0.5268475414865327,0.01022194638787758,0.6344951193184907,0.007930975570323963
adult,C3,KNN,random_4,log_loss,4,0.3,0.5599812078814166,0.007296740994002874,0.392012637224677,0.010742128460891053
adult,C3,LR,attention,log_loss,1,0.1,0.5125958508164206,0.0038731755315445406,0.7042483284539461,0.002330562889601727
adult,C3,LR,attention,log_loss,2,0.2,0.5133139401990173,0.00355392950160921,0.7039939014130809,0.002332998079174368
adult,C3,LR,attention,log_loss,4,0.3,0.5197040441373716,0.006456388051573083,0.702721714438068,0.004497624586216059
adult,C3,LR,decision_tree,log_loss,1,0.1,0.5,0.0,0.6968710314532809,0.00018763288595295477
adult,C3,LR,decision_tree,log_loss,2,0.2,0.5,0.0,0.6968710314532809,0.00018763288595295477
adult,C3,LR,decision_tree,log_loss,4,0.3,0.6745582855136869,0.01386030961424023,0.7633153689049723,0.010541213197175957
adult,C3,LR,f_classif,log_loss,1,0.1,0.5,0.0,0.6968710314532809,0.00018763288595295477
adult,C3,LR,f_classif,log_loss,2,0.2,0.5089043019155468,0.0038112378019219072,0.6995673782547585,0.002549310217900855
adult,C3,LR,f_classif,log_loss,4,0.3,0.671432026323249,0.012709860864199053,0.7621961643098062,0.009320707331173874
adult,C3,LR,linear_model,log_loss,1,0.1,0.5125958508164206,0.0038731755315445406,0.7042483284539461,0.002330562889601727
adult,C3,LR,linear_model,log_loss,2,0.2,0.5140621388538934,0.00508873756851654,0.704044817883666,0.0036324640090167606
adult,C3,LR,linear_model,log_loss,4,0.3,0.5270069914894957,0.004969243571553429,0.7053675330491123,0.003962902913856909
adult,C3,LR,random,log_loss,1,0.1,0.5009332975437119,0.0010911433151650645,0.6967183596975557,0.0010378136504928426
adult,C3,LR,random,log_loss,2,0.2,0.6138058673984181,0.0252478856293517,0.7270922734838308,0.007719043312446013
adult,C3,LR,random,log_loss,4,0.3,0.6679606063552428,0.013867738344641613,0.764231037044515,0.010209856913414165
adult,C3,LR,random_1,log_loss,1,0.1,0.4997181059809918,0.003963683031964114,0.6886798215982128,0.0038988872973035357
adult,C3,LR,random_1,log_loss,2,0.2,0.5,0.0,0.6968710314532809,0.00018763288595295477
adult,C3,LR,random_1,log_loss,4,0.3,0.6324163218869915,0.010050086972265714,0.7389451722540181,0.00990421777280689
adult,C3,LR,random_2,log_loss,1,0.1,0.4995178553086605,0.0007244505070747238,0.6958025621312957,0.0010096396607427378
adult,C3,LR,random_2,log_loss,2,0.2,0.5267052548534397,0.005709282494639169,0.6992627854182684,0.005364485240187928
adult,C3,LR,random_2,log_loss,4,0.3,0.6187994390258181,0.014617614749697397,0.726837924098996,0.01040997212034566
adult,C3,LR,random_3,log_loss,1,0.1,0.5,0.0,0.6968710314532809,0.00018763288595295477
adult,C3,LR,random_3,log_loss,2,0.2,0.6076475791126087,0.00853144217771124,0.7288718649613403,0.0083778822719782
adult,C3,LR,random_3,log_loss,4,0.3,0.6461980601835066,0.015461971465258168,0.7323807009233303,0.013769525844018263
adult,C3,LR,random_4,log_loss,1,0.1,0.5,0.0,0.6968710314532809,0.00018763288595295477
adult,C3,LR,random_4,log_loss,2,0.2,0.5125958508164206,0.0038731755315445406,0.7042483284539461,0.002330562889601727
adult,C3,LR,random_4,log_loss,4,0.3,0.6281609144204087,0.011038226588108192,0.709946391453695,0.010674034924355166
anneal,C0,DT,attention,log_loss,3,0.1,0.9333333333333333,0.14054567378526128,0.9866666666666667,0.028109134757052217
anneal,C0,DT,attention,log_loss,6,0.2,0.9333333333333333,0.14054567378526128,0.9866666666666667,0.028109134757052217
anneal,C0,DT,attention,log_loss,9,0.3,0.9666666666666666,0.105409255338946,0.9933333333333334,0.021081851067789228
anneal,C0,DT,decision_tree,log_loss,3,0.1,1.0,0.0,1.0,0.0
anneal,C0,DT,decision_tree,log_loss,6,0.2,0.9333333333333333,0.14054567378526128,0.9866666666666667,0.028109134757052217
anneal,C0,DT,decision_tree,log_loss,9,0.3,0.9222222222222222,0.1660482353441474,0.9733333333333334,0.06440611887195306
anneal,C0,DT,f_classif,log_loss,3,0.1,1.0,0.0,1.0,0.0
anneal,C0,DT,f_classif,log_loss,6,0.2,1.0,0.0,1.0,0.0
anneal,C0,DT,f_classif,log_loss,9,0.3,0.9888888888888889,0.03513641844631536,0.9866666666666667,0.04216370213557836
anneal,C0,DT,linear_model,log_loss,3,0.1,0.9222222222222222,0.1660482353441474,0.9733333333333334,0.06440611887195306
anneal,C0,DT,linear_model,log_loss,6,0.2,1.0,0.0,1.0,0.0
anneal,C0,DT,linear_model,log_loss,9,0.3,0.9666666666666666,0.10540925533894603,0.9933333333333334,0.021081851067789228
anneal,C0,DT,random,log_loss,3,0.1,0.7435515873015873,0.14548930464333132,0.7928571428571429,0.08492434348822504
anneal,C0,DT,random,log_loss,6,0.2,0.7236111111111112,0.15438709531389763,0.7657142857142857,0.09451577938249345
anneal,C0,DT,random,log_loss,9,0.3,0.9222222222222222,0.1660482353441474,0.9733333333333334,0.06440611887195306
anneal,C0,DT,random_1,log_loss,3,0.1,0.7427579365079365,0.10114621269680608,0.7314285714285714,0.10440535766905128
anneal,C0,DT,random_1,log_loss,6,0.2,0.7143849206349207,0.14808941727248603,0.7595238095238095,0.09946315966736312
anneal,C0,DT,random_1,log_loss,9,0.3,0.9109126984126984,0.17123487182904631,0.96,0.07166451331820932
anneal,C0,DT,random_2,log_loss,3,0.1,0.8141865079365079,0.14881617416062654,0.8657142857142857,0.08893989466311401
anneal,C0,DT,random_2,log_loss,6,0.2,0.8155753968253968,0.1422822196279487,0.8585714285714285,0.0747903764071569
anneal,C0,DT,random_2,log_loss,9,0.3,0.9079365079365079,0.16127588206825683,0.96,0.06440611887195308
anneal,C0,DT,random_3,log_loss,3,0.1,0.9222222222222222,0.1660482353441474,0.9733333333333334,0.06440611887195306
anneal,C0,DT,random_3,log_loss,6,0.2,0.8,0.145613233587495,0.8590476190476191,0.08574955182798288
anneal,C0,DT,random_3,log_loss,9,0.3,1.0,0.0,1.0,0.0
anneal,C0,DT,random_4,log_loss,3,0.1,0.5134920634920634,0.09727754607748636,0.5838095238095238,0.06883107807630126
anneal,C0,DT,random_4,log_loss,6,0.2,0.9222222222222222,0.1660482353441474,0.9733333333333334,0.06440611887195306
anneal,C0,DT,random_4,log_loss,9,0.3,0.6130952380952381,0.14821604169905772,0.6447619047619048,0.13595680549514041
anneal,C0,KNN,attention,log_loss,3,0.1,0.9104166666666667,0.14267411390219947,0.96,0.046613726585340076
anneal,C0,KNN,attention,log_loss,6,0.2,0.8854166666666666,0.13474727716619622,0.9323809523809524,0.05579540063638175
anneal,C0,KNN,attention,log_loss,9,0.3,0.8586309523809523,0.12796657709678522,0.9114285714285714,0.07606471101654659
anneal,C0,KNN,decision_tree,log_loss,3,0.1,0.9333333333333333,0.14054567378526128,0.9866666666666667,0.028109134757052217
anneal,C0,KNN,decision_tree,log_loss,6,0.2,0.9333333333333333,0.14054567378526128,0.9866666666666667,0.028109134757052217
anneal,C0,KNN,decision_tree,log_loss,9,0.3,0.9333333333333333,0.14054567378526128,0.9866666666666667,0.028109134757052217
anneal,C0,KNN,f_classif,log_loss,3,0.1,0.9333333333333333,0.14054567378526128,0.9866666666666667,0.028109134757052217
anneal,C0,KNN,f_classif,log_loss,6,0.2,0.9333333333333333,0.14054567378526128,0.9866666666666667,0.028109134757052217
anneal,C0,KNN,f_classif,log_loss,9,0.3,0.9333333333333333,0.14054567378526128,0.9866666666666667,0.028109134757052217
anneal,C0,KNN,linear_model,log_loss,3,0.1,0.9222222222222222,0.1660482353441474,0.9733333333333334,0.06440611887195306
anneal,C0,KNN,linear_model,log_loss,6,0.2,0.9333333333333333,0.14054567378526128,0.9866666666666667,0.028109134757052217
anneal,C0,KNN,linear_model,log_loss,9,0.3,0.9333333333333333,0.14054567378526128,0.9866666666666667,0.028109134757052217
anneal,C0,KNN,random,log_loss,3,0.1,0.6345238095238095,0.11166696907209145,0.6914285714285715,0.0773978410548357
anneal,C0,KNN,random,log_loss,6,0.2,0.5530753968253969,0.14504440980577846,0.6114285714285714,0.10574812366588897
anneal,C0,KNN,random,log_loss,9,0.3,0.7425595238095238,0.1491150963144028,0.7923809523809524,0.072364242014256
anneal,C0,KNN,random_1,log_loss,3,0.1,0.4666666666666667,0.07027283689263064,0.5371428571428571,0.012046772038736673
anneal,C0,KNN,random_1,log_loss,6,0.2,0.6840277777777778,0.19913847088131925,0.7323809523809524,0.1359864531661018
anneal,C0,KNN,random_1,log_loss,9,0.3,0.9222222222222222,0.1660482353441474,0.9733333333333334,0.06440611887195306
anneal,C0,KNN,random_2,log_loss,3,0.1,0.9333333333333333,0.14054567378526128,0.9866666666666667,0.028109134757052217
anneal,C0,KNN,random_2,log_loss,6,0.2,0.6527777777777778,0.15347620880783458,0.7119047619047618,0.08772623992901811
anneal,C0,KNN,random_2,log_loss,9,0.3,0.9333333333333333,0.14054567378526128,0.9866666666666667,0.028109134757052217
anneal,C0,KNN,random_3,log_loss,3,0.1,0.8555555555555555,0.14052575376903406,0.9123809523809523,0.05585858399472448
anneal,C0,KNN,random_3,log_loss,6,0.2,0.9333333333333333,0.14054567378526128,0.9866666666666667,0.028109134757052217
anneal,C0,KNN,random_3,log_loss,9,0.3,0.7218253968253968,0.11422399984695643,0.7852380952380953,0.06869367410233644
anneal,C0,KNN,random_4,log_loss,3,0.1,0.4666666666666667,0.07027283689263064,0.5371428571428571,0.012046772038736673
anneal,C0,KNN,random_4,log_loss,6,0.2,0.9333333333333333,0.14054567378526128,0.9866666666666667,0.028109134757052217
anneal,C0,KNN,random_4,log_loss,9,0.3,0.8433531746031747,0.1353498867906117,0.8995238095238095,0.05636373611019163
anneal,C0,LR,attention,log_loss,3,0.1,0.9333333333333333,0.14054567378526128,0.9866666666666667,0.028109134757052217
anneal,C0,LR,attention,log_loss,6,0.2,0.9333333333333333,0.14054567378526128,0.9866666666666667,0.028109134757052217
anneal,C0,LR,attention,log_loss,9,0.3,0.9333333333333333,0.14054567378526128,0.9866666666666667,0.028109134757052217
anneal,C0,LR,decision_tree,log_loss,3,0.1,0.9333333333333333,0.14054567378526128,0.9866666666666667,0.028109134757052217
anneal,C0,LR,decision_tree,log_loss,6,0.2,0.9333333333333333,0.14054567378526128,0.9866666666666667,0.028109134757052217
anneal,C0,LR,decision_tree,log_loss,9,0.3,0.9333333333333333,0.14054567378526128,0.9866666666666667,0.028109134757052217
anneal,C0,LR,f_classif,log_loss,3,0.1,0.9333333333333333,0.14054567378526128,0.9866666666666667,0.028109134757052217
anneal,C0,LR,f_classif,log_loss,6,0.2,0.9333333333333333,0.14054567378526128,0.9866666666666667,0.028109134757052217
anneal,C0,LR,f_classif,log_loss,9,0.3,0.9333333333333333,0.14054567378526128,0.9866666666666667,0.028109134757052217
anneal,C0,LR,linear_model,log_loss,3,0.1,0.9222222222222222,0.1660482353441474,0.9733333333333334,0.06440611887195306
anneal,C0,LR,linear_model,log_loss,6,0.2,0.9333333333333333,0.14054567378526128,0.9866666666666667,0.028109134757052217
anneal,C0,LR,linear_model,log_loss,9,0.3,0.9333333333333333,0.14054567378526128,0.9866666666666667,0.028109134757052217
anneal,C0,LR,random,log_loss,3,0.1,0.8,0.145613233587495,0.8590476190476191,0.08574955182798288
anneal,C0,LR,random,log_loss,6,0.2,0.9222222222222222,0.1660482353441474,0.9733333333333334,0.06440611887195306
anneal,C0,LR,random,log_loss,9,0.3,0.4666666666666667,0.07027283689263064,0.5371428571428571,0.012046772038736673
anneal,C0,LR,random_1,log_loss,3,0.1,0.5938492063492063,0.12270987287082814,0.618095238095238,0.1115591872280184
anneal,C0,LR,random_1,log_loss,6,0.2,0.6527777777777778,0.15347620880783458,0.7119047619047618,0.08772623992901811
anneal,C0,LR,random_1,log_loss,9,0.3,0.9333333333333333,0.14054567378526128,0.9866666666666667,0.028109134757052217
anneal,C0,LR,random_2,log_loss,3,0.1,0.5880952380952381,0.10403252049296807,0.6438095238095238,0.11518167318738869
anneal,C0,LR,random_2,log_loss,6,0.2,0.5134920634920634,0.09727754607748636,0.5838095238095238,0.06883107807630126
anneal,C0,LR,random_2,log_loss,9,0.3,0.9333333333333333,0.14054567378526128,0.9866666666666667,0.028109134757052217
anneal,C0,LR,random_3,log_loss,3,0.1,0.654265873015873,0.14359640713127014,0.6847619047619047,0.12526213381063186
anneal,C0,LR,random_3,log_loss,6,0.2,0.9222222222222222,0.1660482353441474,0.9733333333333334,0.06440611887195306
anneal,C0,LR,random_3,log_loss,9,0.3,0.6387896825396825,0.12529835652556734,0.6914285714285715,0.07739784105483573
anneal,C0,LR,random_4,log_loss,3,0.1,0.6000992063492063,0.11788494741765973,0.6247619047619047,0.10318192892185271
anneal,C0,LR,random_4,log_loss,6,0.2,0.9333333333333333,0.14054567378526128,0.9866666666666667,0.028109134757052217
anneal,C0,LR,random_4,log_loss,9,0.3,0.9333333333333333,0.14054567378526128,0.9866666666666667,0.028109134757052217
australian,C0,DT,attention,log_loss,1,0.1,0.5,0.0,0.7038043478260869,0.01377685331708917
australian,C0,DT,attention,log_loss,2,0.2,0.633219537815126,0.1415010500393805,0.696376811594203,0.10954845273849302
australian,C0,DT,attention,log_loss,4,0.3,0.6856355042016806,0.1284965973741496,0.7170289855072464,0.06672527704371119
australian,C0,DT,decision_tree,log_loss,1,0.1,0.8909926470588235,0.08702129103309508,0.9278985507246377,0.05561328653434749
australian,C0,DT,decision_tree,log_loss,2,0.2,0.8403098739495798,0.08746333287057456,0.8677536231884059,0.06552975829106536
australian,C0,DT,decision_tree,log_loss,4,0.3,0.8262780112044817,0.09021485550115302,0.855072463768116,0.0805520246348977
australian,C0,DT,f_classif,log_loss,1,0.1,0.8909926470588235,0.08702129103309508,0.9278985507246377,0.05561328653434749
australian,C0,DT,f_classif,log_loss,2,0.2,0.8784926470588236,0.08201989240094458,0.9105072463768116,0.05395185865732513
australian,C0,DT,f_classif,log_loss,4,0.3,0.8533350840336136,0.07099518663187154,0.8804347826086957,0.04686861814476387
australian,C0,DT,linear_model,log_loss,1,0.1,0.8909926470588235,0.08702129103309508,0.9278985507246377,0.05561328653434749
australian,C0,DT,linear_model,log_loss,2,0.2,0.8909926470588235,0.08702129103309508,0.9278985507246377,0.05561328653434749
australian,C0,DT,linear_model,log_loss,4,0.3,0.8727941176470588,0.0815460141605952,0.9021739130434783,0.05115415117040425
australian,C0,DT,random,log_loss,1,0.1,0.5416228991596639,0.07991925206526679,0.5958333333333333,0.06587082076576388
australian,C0,DT,random,log_loss,2,0.2,0.5437062324929972,0.10719829951927777,0.592391304347826,0.09735528146771308
australian,C0,DT,random,log_loss,4,0.3,0.6879901960784314,0.1000414132222023,0.7298913043478261,0.08060384120944881
australian,C0,DT,random_1,log_loss,1,0.1,0.6290178571428571,0.1391535310155206,0.696376811594203,0.10954845273849302
australian,C0,DT,random_1,log_loss,2,0.2,0.8909926470588235,0.08702129103309508,0.9278985507246377,0.05561328653434749
australian,C0,DT,random_1,log_loss,4,0.3,0.8387517507002802,0.08115508163692012,0.8673913043478262,0.06464343070693296
australian,C0,DT,random_2,log_loss,1,0.1,0.5115196078431372,0.07852446653900189,0.5840579710144927,0.04556038365612011
australian,C0,DT,random_2,log_loss,2,0.2,0.5402048319327731,0.07098214771480162,0.7081521739130434,0.04864354395597324
australian,C0,DT,random_2,log_loss,4,0.3,0.5669642857142858,0.11566823887751289,0.6268115942028986,0.10271737355406016
australian,C0,DT,random_3,log_loss,1,0.1,0.5402048319327731,0.07098214771480162,0.7081521739130434,0.04864354395597324
australian,C0,DT,random_3,log_loss,2,0.2,0.7156950280112044,0.08949909480578246,0.7563405797101449,0.09109855427787565
australian,C0,DT,random_3,log_loss,4,0.3,0.828781512605042,0.10370464883556291,0.863768115942029,0.0773409055651966
australian,C0,DT,random_4,log_loss,1,0.1,0.5,0.0,0.7038043478260869,0.01377685331708917
australian,C0,DT,random_4,log_loss,2,0.2,0.5801383053221288,0.08672494422977993,0.6527173913043478,0.0816002037847882
australian,C0,DT,random_4,log_loss,4,0.3,0.8575367647058825,0.10250938797991274,0.8806159420289855,0.08734335087407798
australian,C0,KNN,attention,log_loss,1,0.1,0.5,0.0,0.2961956521739131,0.013776853317089176
australian,C0,KNN,attention,log_loss,2,0.2,0.7173319327731092,0.0746917557805942,0.7170289855072464,0.06881302949012329
australian,C0,KNN,attention,log_loss,4,0.3,0.6937237394957984,0.09841528963439057,0.7471014492753623,0.07541397802089066
australian,C0,KNN,decision_tree,log_loss,1,0.1,0.6254464285714285,0.20922904810755955,0.48931159420289855,0.315348606243298
australian,C0,KNN,decision_tree,log_loss,2,0.2,0.8909926470588235,0.08702129103309508,0.9278985507246377,0.05561328653434749
australian,C0,KNN,decision_tree,log_loss,4,0.3,0.8807247899159665,0.09679969987705504,0.9193840579710144,0.0636282616760294
australian,C0,KNN,f_classif,log_loss,1,0.1,0.6254464285714285,0.20922904810755955,0.48931159420289855,0.315348606243298
australian,C0,KNN,f_classif,log_loss,2,0.2,0.8747111344537816,0.11731144933306605,0.8817028985507246,0.1253366315961344
australian,C0,KNN,f_classif,log_loss,4,0.3,0.8851102941176471,0.09395775740340116,0.9195652173913043,0.06618974547206748
australian,C0,KNN,linear_model,log_loss,1,0.1,0.6254464285714285,0.20922904810755955,0.48931159420289855,0.315348606243298
australian,C0,KNN,linear_model,log_loss,2,0.2,0.7083508403361345,0.07091851084826245,0.6481884057971015,0.0687175780523781
australian,C0,KNN,linear_model,log_loss,4,0.3,0.7603991596638655,0.06918702387024997,0.7260869565217392,0.08235528411281638
australian,C0,KNN,random,log_loss,1,0.1,0.4844187675070028,0.06439012005611831,0.6094202898550725,0.06198488394150955
australian,C0,KNN,random,log_loss,2,0.2,0.5629114145658263,0.10125023753724424,0.678623188405797,0.09340676840197124
australian,C0,KNN,random,log_loss,4,0.3,0.860372899159664,0.09028777792479896,0.9021739130434783,0.06843149064400028
australian,C0,KNN,random_1,log_loss,1,0.1,0.5296743697478992,0.0850075411768887,0.6818840579710145,0.06730423964007001
australian,C0,KNN,random_1,log_loss,2,0.2,0.6544117647058824,0.1113893973547698,0.5547101449275362,0.1049571803570927
australian,C0,KNN,random_1,log_loss,4,0.3,0.790126050420168,0.08866599549229631,0.756159420289855,0.10902794082615101
australian,C0,KNN,random_2,log_loss,1,0.1,0.4723389355742297,0.0773141170060279,0.3005434782608696,0.045865504293735294
australian,C0,KNN,random_2,log_loss,2,0.2,0.5772058823529412,0.08303147122986346,0.48478260869565215,0.08739239256605558
australian,C0,KNN,random_2,log_loss,4,0.3,0.5924282212885154,0.10575698530775662,0.7034420289855072,0.091345594612007
australian,C0,KNN,random_3,log_loss,1,0.1,0.4723389355742297,0.0773141170060279,0.3005434782608696,0.045865504293735294
australian,C0,KNN,random_3,log_loss,2,0.2,0.5470500700280112,0.07163683393207637,0.6865942028985508,0.07918690805693483
australian,C0,KNN,random_3,log_loss,4,0.3,0.5558473389355743,0.07572495486439748,0.46811594202898554,0.09360955215949852
australian,C0,KNN,random_4,log_loss,1,0.1,0.5296743697478992,0.0850075411768887,0.6818840579710145,0.06730423964007001
australian,C0,KNN,random_4,log_loss,2,0.2,0.4470413165266106,0.07987511271415836,0.36485507246376814,0.10588557613525253
australian,C0,KNN,random_4,log_loss,4,0.3,0.8615808823529412,0.10419273633362616,0.8851449275362319,0.10503497582123633
australian,C0,LR,attention,log_loss,1,0.1,0.5,0.0,0.7038043478260869,0.01377685331708917
australian,C0,LR,attention,log_loss,2,0.2,0.7386292016806723,0.140380022316601,0.7817028985507246,0.10153281153521487
australian,C0,LR,attention,log_loss,4,0.3,0.693688725490196,0.08164270047125446,0.7603260869565218,0.06948407816701052
australian,C0,LR,decision_tree,log_loss,1,0.1,0.8909926470588235,0.08702129103309508,0.9278985507246377,0.05561328653434749
australian,C0,LR,decision_tree,log_loss,2,0.2,0.8909926470588235,0.08702129103309508,0.9278985507246377,0.05561328653434749
australian,C0,LR,decision_tree,log_loss,4,0.3,0.8981355042016806,0.0800738663609566,0.9320652173913043,0.052693902442920784
australian,C0,LR,f_classif,log_loss,1,0.1,0.8909926470588235,0.08702129103309508,0.9278985507246377,0.05561328653434749
australian,C0,LR,f_classif,log_loss,2,0.2,0.8909926470588235,0.08702129103309508,0.9278985507246377,0.05561328653434749
australian,C0,LR,f_classif,log_loss,4,0.3,0.8951943277310924,0.08888217993583646,0.9278985507246377,0.05897999752701959
australian,C0,LR,linear_model,log_loss,1,0.1,0.8909926470588235,0.08702129103309508,0.9278985507246377,0.05561328653434749
australian,C0,LR,linear_model,log_loss,2,0.2,0.8909926470588235,0.08702129103309508,0.9278985507246377,0.05561328653434749
australian,C0,LR,linear_model,log_loss,4,0.3,0.8909926470588235,0.08702129103309508,0.9278985507246377,0.05561328653434749
australian,C0,LR,random,log_loss,1,0.1,0.5,0.0,0.7038043478260869,0.01377685331708917
australian,C0,LR,random,log_loss,2,0.2,0.4825717787114846,0.026677186531737198,0.6652173913043479,0.044125946057831
australian,C0,LR,random,log_loss,4,0.3,0.5617822128851541,0.07418452052551291,0.7121376811594203,0.0657932728709412
australian,C0,LR,random_1,log_loss,1,0.1,0.5,0.0,0.7038043478260869,0.01377685331708917
australian,C0,LR,random_1,log_loss,2,0.2,0.5,0.0,0.7038043478260869,0.01377685331708917
australian,C0,LR,random_1,log_loss,4,0.3,0.6251925770308123,0.11691024766714583,0.7179347826086956,0.1135042441301327
australian,C0,LR,random_2,log_loss,1,0.1,0.5,0.0,0.7038043478260869,0.01377685331708917
australian,C0,LR,random_2,log_loss,2,0.2,0.5103728991596639,0.028915784485628572,0.6951086956521739,0.016227003881630314
australian,C0,LR,random_2,log_loss,4,0.3,0.707563025210084,0.11774472663694693,0.7778985507246376,0.09071326707670624
australian,C0,LR,random_3,log_loss,1,0.1,0.5262167366946778,0.04842955901554272,0.7039855072463768,0.035747568199437633
australian,C0,LR,random_3,log_loss,2,0.2,0.7354691876750701,0.14212748373474698,0.7902173913043479,0.1027237634594193
australian,C0,LR,random_3,log_loss,4,0.3,0.8909926470588235,0.08702129103309508,0.9278985507246377,0.05561328653434749
australian,C0,LR,random_4,log_loss,1,0.1,0.5,0.0,0.7038043478260869,0.01377685331708917
australian,C0,LR,random_4,log_loss,2,0.2,0.5,0.0,0.7038043478260869,0.01377685331708917
australian,C0,LR,random_4,log_loss,4,0.3,0.7243522408963585,0.08372478899541091,0.7942028985507246,0.06306961717728592
jasmine,C1,DT,attention,log_loss,14,0.1,0.770190518078049,0.03374906677309399,0.7725847366148532,0.03303136845286748
jasmine,C1,DT,attention,log_loss,28,0.2,0.7377153245939237,0.03617596551874608,0.7565252590673575,0.0288958133205837
jasmine,C1,DT,attention,log_loss,43,0.3,0.7395585685778423,0.036257184036661255,0.7674060880829016,0.0323732083065579
jasmine,C1,DT,decision_tree,log_loss,14,0.1,0.7459549281238081,0.02621797959299951,0.7715349740932642,0.019276561330141113
jasmine,C1,DT,decision_tree,log_loss,28,0.2,0.7464104342791615,0.033740185405874784,0.7736183074265977,0.030336998613106243
jasmine,C1,DT,decision_tree,log_loss,43,0.3,0.7352810333918572,0.030101293398070206,0.7632394214162349,0.02914253502220692
jasmine,C1,DT,f_classif,log_loss,14,0.1,0.751488611413397,0.03479022112944207,0.7788428324697755,0.024610527026288007
jasmine,C1,DT,f_classif,log_loss,28,0.2,0.7741922990630241,0.01929745112048598,0.7948969127806563,0.013900879805190869
jasmine,C1,DT,f_classif,log_loss,43,0.3,0.7833726856056155,0.028953993730240806,0.8026878238341968,0.023331848052791725
jasmine,C1,DT,linear_model,log_loss,14,0.1,0.7490304425990171,0.024169904525132287,0.7756746545768567,0.021602057763037377
jasmine,C1,DT,linear_model,log_loss,28,0.2,0.7600241837138065,0.028245604736827773,0.7829690198618307,0.02369087367098422
jasmine,C1,DT,linear_model,log_loss,43,0.3,0.7889440761899336,0.030951593045874026,0.8063417530224525,0.02465702014305292
jasmine,C1,DT,random,log_loss,14,0.1,0.6667328388564726,0.043407159739876626,0.69889896373057,0.037949342163472455
jasmine,C1,DT,random,log_loss,28,0.2,0.7147384307626404,0.02634082564472773,0.7419554188255614,0.02047588661752745
jasmine,C1,DT,random,log_loss,43,0.3,0.711535926564132,0.031209150242109875,0.7435179188255614,0.023150044715951446
jasmine,C1,DT,random_1,log_loss,14,0.1,0.7221138656853782,0.020870076299750285,0.7507637089810018,0.02193611729723815
jasmine,C1,DT,random_1,log_loss,28,0.2,0.6326881290449278,0.0340904755917402,0.669780872193437,0.03455385696445934
jasmine,C1,DT,random_1,log_loss,43,0.3,0.6356104359071806,0.034190173814379075,0.6698078583765112,0.03562551908141481
jasmine,C1,DT,random_2,log_loss,14,0.1,0.6876843243983919,0.04146087688032409,0.7196648316062176,0.03468820354946252
jasmine,C1,DT,random_2,log_loss,28,0.2,0.6894846505787862,0.03466368271121861,0.7207064982728844,0.03276782826074067
jasmine,C1,DT,random_2,log_loss,43,0.3,0.6967230054519982,0.0324084106091329,0.72692951208981,0.030815286662876876
jasmine,C1,DT,random_3,log_loss,14,0.1,0.6486533611724586,0.03300685171461566,0.7030413428324698,0.027815779609010285
jasmine,C1,DT,random_3,log_loss,28,0.2,0.7187690030944232,0.0313274721659539,0.7491823186528498,0.026003393511903047
jasmine,C1,DT,random_3,log_loss,43,0.3,0.6796672549581234,0.021350922482245124,0.7138951856649396,0.02006868832325304
jasmine,C1,DT,random_4,log_loss,14,0.1,0.6936997020555605,0.0353119502390722,0.7289993523316063,0.03697695959023899
jasmine,C1,DT,random_4,log_loss,28,0.2,0.6851809356598404,0.03967208718698067,0.7154576856649395,0.035014093878926476
jasmine,C1,DT,random_4,log_loss,43,0.3,0.6781176606655511,0.04174495752146715,0.7133986398963731,0.0391482023167908
jasmine,C1,KNN,attention,log_loss,14,0.1,0.5377185721527007,0.013752909338797246,0.6754830526770293,0.01301261479075216
jasmine,C1,KNN,attention,log_loss,28,0.2,0.7435633385039896,0.03435352750058927,0.7637548575129534,0.03297858068699593
jasmine,C1,KNN,attention,log_loss,43,0.3,0.7699298824078469,0.048405500729452954,0.7840106865284974,0.04072423571840156
jasmine,C1,KNN,decision_tree,log_loss,14,0.1,0.7830181208692197,0.04170807793347695,0.7918231865284974,0.036977460710262
jasmine,C1,KNN,decision_tree,log_loss,28,0.2,0.757054439599392,0.034835634499174394,0.7705094991364422,0.031363272876694194
jasmine,C1,KNN,decision_tree,log_loss,43,0.3,0.778144802795173,0.026331997378407548,0.7783219991364422,0.026751995058130966
jasmine,C1,KNN,f_classif,log_loss,14,0.1,0.7489116608049502,0.027932015945139083,0.7835114421416235,0.024249483728305446
jasmine,C1,KNN,f_classif,log_loss,28,0.2,0.8197567018844489,0.028629536795900155,0.8234860751295336,0.024054365550106215
jasmine,C1,KNN,f_classif,log_loss,43,0.3,0.8374659705867838,0.027212127019398614,0.8395833333333333,0.020935211478109717
jasmine,C1,KNN,linear_model,log_loss,14,0.1,0.8039351636337182,0.034418390220203696,0.8078826640759932,0.031889984726779425
jasmine,C1,KNN,linear_model,log_loss,28,0.2,0.8209914440817014,0.030838461344636747,0.8245331390328152,0.026141883408230773
jasmine,C1,KNN,linear_model,log_loss,43,0.3,0.8167141378358913,0.03488131987400294,0.8198699265975821,0.030329912569442168
jasmine,C1,KNN,random,log_loss,14,0.1,0.6209704197423083,0.041528571473863504,0.6931643998272884,0.03246590348142002
jasmine,C1,KNN,random,log_loss,28,0.2,0.7448990941939584,0.03650326374436617,0.7658759715025907,0.030987427263971367
jasmine,C1,KNN,random,log_loss,43,0.3,0.7235808380126161,0.02293174537351153,0.7393809369602764,0.02746645602878526
jasmine,C1,KNN,random_1,log_loss,14,0.1,0.6858986334306583,0.02746141022935872,0.726378993955095,0.02585364303461596
jasmine,C1,KNN,random_1,log_loss,28,0.2,0.7166444509904376,0.040311232460300515,0.7539183937823835,0.034279336004883684
jasmine,C1,KNN,random_1,log_loss,43,0.3,0.7198535817351189,0.046465277355163544,0.7372706174438688,0.03914919030328436
jasmine,C1,KNN,random_2,log_loss,14,0.1,0.5338349666942921,0.022695887435294475,0.6713298791018998,0.020021104006642865
jasmine,C1,KNN,random_2,log_loss,28,0.2,0.6926336506104986,0.034910429645221105,0.7351818868739206,0.02935652826702872
jasmine,C1,KNN,random_2,log_loss,43,0.3,0.6843872763869238,0.028050238629703007,0.7154576856649395,0.023503311252140717
jasmine,C1,KNN,random_3,log_loss,14,0.1,0.563710082372675,0.020910903591192406,0.6811906303972366,0.01707107253723692
jasmine,C1,KNN,random_3,log_loss,28,0.2,0.588575384996821,0.03798741546657623,0.6957388816925734,0.02815304094343641
jasmine,C1,KNN,random_3,log_loss,43,0.3,0.7180775020150975,0.0402936946578461,0.7373137953367876,0.03292121997588299
jasmine,C1,KNN,random_4,log_loss,14,0.1,0.642644215775606,0.027569414849065294,0.7061528497409326,0.025031607220328128
jasmine,C1,KNN,random_4,log_loss,28,0.2,0.7231152796877324,0.03813599693974243,0.7481838298791019,0.030420027290978223
jasmine,C1,KNN,random_4,log_loss,43,0.3,0.7278211619409175,0.047787864877067966,0.7497193436960277,0.0417123802183753
jasmine,C1,LR,attention,log_loss,14,0.1,0.770634717132543,0.0354328494488332,0.774670768566494,0.03011947600083487
jasmine,C1,LR,attention,log_loss,28,0.2,0.7502677243363576,0.016384391805562046,0.761158786701209,0.021909284322524484
jasmine,C1,LR,attention,log_loss,43,0.3,0.7728759863293886,0.02690830368849997,0.7850793393782383,0.02685281297266263
jasmine,C1,LR,decision_tree,log_loss,14,0.1,0.7519227031831333,0.03126212754031307,0.7798844991364422,0.02994003523654602
jasmine,C1,LR,decision_tree,log_loss,28,0.2,0.7557312629001429,0.02948029082094067,0.7824697754749568,0.0217399376222448
jasmine,C1,LR,decision_tree,log_loss,43,0.3,0.7621372167352893,0.022860446523946733,0.7871302892918826,0.02164945109076271
jasmine,C1,LR,f_classif,log_loss,14,0.1,0.7849051093850717,0.03944224753979021,0.7923359240069084,0.03211422759251897
jasmine,C1,LR,f_classif,log_loss,28,0.2,0.8094205023897114,0.03156873001723378,0.8141245682210709,0.029129444862835422
jasmine,C1,LR,f_classif,log_loss,43,0.3,0.8149727043956683,0.032648891554723426,0.8218938903281521,0.03073210480840104
jasmine,C1,LR,linear_model,log_loss,14,0.1,0.8003801000451606,0.028198856263476704,0.8084061960276339,0.028217074002038007
jasmine,C1,LR,linear_model,log_loss,28,0.2,0.8014912060687122,0.026210484507702997,0.8094397668393782,0.0281219312252383
jasmine,C1,LR,linear_model,log_loss,43,0.3,0.8193423201679165,0.015930476874958417,0.8229409542314337,0.017791436756344665
jasmine,C1,LR,random,log_loss,14,0.1,0.695971971447938,0.025919499058785156,0.7315603411053541,0.019703610240171476
jasmine,C1,LR,random,log_loss,28,0.2,0.7093603547182111,0.051646458581225255,0.7367551813471502,0.04479276613843479
jasmine,C1,LR,random,log_loss,43,0.3,0.7227574334754967,0.048437048801023196,0.747665695164076,0.0405804069338408
jasmine,C1,LR,random_1,log_loss,14,0.1,0.6905355622948759,0.02793159350695943,0.7471475604490501,0.025493357224907875
jasmine,C1,LR,random_1,log_loss,28,0.2,0.7125691081355672,0.04694834326086349,0.7351899827288428,0.041141218256868575
jasmine,C1,LR,random_1,log_loss,43,0.3,0.7924226271241197,0.03612633855985475,0.7970045336787565,0.034859479791237755
jasmine,C1,LR,random_2,log_loss,14,0.1,0.6542564557313646,0.04950013610274009,0.6900043177892918,0.026945162283785108
jasmine,C1,LR,random_2,log_loss,28,0.2,0.7420255176718922,0.03523767873223911,0.7507502158894646,0.031328200924978115
jasmine,C1,LR,random_2,log_loss,43,0.3,0.7849050373113131,0.03062837294355947,0.7824616796200345,0.028699685380015046
jasmine,C1,LR,random_3,log_loss,14,0.1,0.7151094537538303,0.0297219105617941,0.7315630397236614,0.0263650015239054
jasmine,C1,LR,random_3,log_loss,28,0.2,0.7441277650673584,0.028164818172439373,0.7544230354058722,0.02383242249582697
jasmine,C1,LR,random_3,log_loss,43,0.3,0.7797682345337769,0.029367748457950694,0.7928270725388601,0.02969520150677146
jasmine,C1,LR,random_4,log_loss,14,0.1,0.712574899474065,0.03290891048472968,0.7414507772020725,0.025194440163472765
jasmine,C1,LR,random_4,log_loss,28,0.2,0.6572348953327917,0.028725524010343763,0.7133986398963731,0.02569639867340427
jasmine,C1,LR,random_4,log_loss,43,0.3,0.7964200285683422,0.030562335824986752,0.8084034974093264,0.029064476367519354
kr-vs-kp,C0,DT,attention,log_loss,3,0.1,0.8936752371424455,0.03301774427265722,0.8828741481676465,0.03545947804341514
kr-vs-kp,C0,DT,attention,log_loss,7,0.2,0.9355597161338917,0.022666032973475535,0.9326401684653856,0.023603761318354222
kr-vs-kp,C0,DT,attention,log_loss,10,0.3,0.9276442815980408,0.015978238284981912,0.9291889678570383,0.017992843760510524
kr-vs-kp,C0,DT,decision_tree,log_loss,3,0.1,0.8936752371424455,0.03301774427265722,0.8828741481676465,0.03545947804341514
kr-vs-kp,C0,DT,decision_tree,log_loss,7,0.2,0.939403602661087,0.017705309141508696,0.944483928519201,0.015780607682930384
kr-vs-kp,C0,DT,decision_tree,log_loss,10,0.3,0.9693280100548186,0.01654570229739379,0.972434266327396,0.014763116967642202
kr-vs-kp,C0,DT,f_classif,log_loss,3,0.1,0.8936752371424455,0.03301774427265722,0.8828741481676465,0.03545947804341514
kr-vs-kp,C0,DT,f_classif,log_loss,7,0.2,0.9332090682724079,0.022025639747051604,0.9295823462314644,0.02349945620578446
kr-vs-kp,C0,DT,f_classif,log_loss,10,0.3,0.9266412521605026,0.02310119647056682,0.9314819689391947,0.02209845895181104
kr-vs-kp,C0,DT,linear_model,log_loss,3,0.1,0.8936752371424455,0.03301774427265722,0.8828741481676465,0.03545947804341514
kr-vs-kp,C0,DT,linear_model,log_loss,7,0.2,0.9332090682724079,0.022025639747051604,0.9295823462314644,0.02349945620578446
kr-vs-kp,C0,DT,linear_model,log_loss,10,0.3,0.9430479089806425,0.02073065167993105,0.9513790178701997,0.01778773176932566
kr-vs-kp,C0,DT,random,log_loss,3,0.1,0.7432985036119711,0.015983479947756306,0.6998669240443391,0.01856330373740524
kr-vs-kp,C0,DT,random,log_loss,7,0.2,0.5758289334296947,0.02136516216778842,0.633621420841742,0.020098394083594918
kr-vs-kp,C0,DT,random,log_loss,10,0.3,0.6727051662179975,0.026325079413155372,0.6810959024304641,0.02367844599249734
kr-vs-kp,C0,DT,random_1,log_loss,3,0.1,0.5609937562395525,0.023005284157741317,0.6160012868883624,0.022428620876245333
kr-vs-kp,C0,DT,random_1,log_loss,7,0.2,0.5618124460203096,0.024165936836613278,0.6133280687900324,0.02544569995295813
kr-vs-kp,C0,DT,random_1,log_loss,10,0.3,0.5891377280296742,0.01694230697785834,0.6217469509520048,0.020859385835925216
kr-vs-kp,C0,DT,random_2,log_loss,3,0.1,0.4983846988551309,0.0020773453956769274,0.5819294551197685,0.0023459557650197037
kr-vs-kp,C0,DT,random_2,log_loss,7,0.2,0.6380768068534352,0.03264733940316546,0.6443318417127314,0.030142122633461284
kr-vs-kp,C0,DT,random_2,log_loss,10,0.3,0.7694887459248949,0.02274951079048792,0.7473297066479483,0.023822597007776933
kr-vs-kp,C0,DT,random_3,log_loss,3,0.1,0.5352964188518907,0.01697123381940835,0.5999283437161826,0.01672112409664786
kr-vs-kp,C0,DT,random_3,log_loss,7,0.2,0.6126677578322492,0.023170634622797417,0.6355415167734199,0.021842052942213974
kr-vs-kp,C0,DT,random_3,log_loss,10,0.3,0.9068358933250857,0.02440662275613474,0.898572723816209,0.026583151231963677
kr-vs-kp,C0,DT,random_4,log_loss,3,0.1,0.537044315419177,0.02329413864193564,0.6110321429615981,0.022131494082826712
kr-vs-kp,C0,DT,random_4,log_loss,7,0.2,0.7743728099104871,0.028285839369310218,0.7458059138369746,0.028656398140351945
kr-vs-kp,C0,DT,random_4,log_loss,10,0.3,0.8058294844038801,0.020037835610035925,0.7940481413237401,0.020632079674526738
kr-vs-kp,C0,KNN,attention,log_loss,3,0.1,0.7432985036119711,0.015983479947756306,0.6998669240443391,0.01856330373740524
kr-vs-kp,C0,KNN,attention,log_loss,7,0.2,0.7898212121642476,0.022685727339192406,0.7553786084057208,0.026833636413861824
kr-vs-kp,C0,KNN,attention,log_loss,10,0.3,0.8093070125469577,0.01867233112295381,0.7798835950981252,0.02206928929283774
kr-vs-kp,C0,KNN,decision_tree,log_loss,3,0.1,0.7432985036119711,0.015983479947756306,0.6998669240443391,0.01856330373740524
kr-vs-kp,C0,KNN,decision_tree,log_loss,7,0.2,0.7988260567921573,0.0284501765088733,0.765726360738206,0.03360330144531528
kr-vs-kp,C0,KNN,decision_tree,log_loss,10,0.3,0.8475123647023055,0.02001012489888225,0.8231259688222046,0.023294980368360647
kr-vs-kp,C0,KNN,f_classif,log_loss,3,0.1,0.7432985036119711,0.015983479947756306,0.6998669240443391,0.01856330373740524
kr-vs-kp,C0,KNN,f_classif,log_loss,7,0.2,0.8371967998262131,0.015594875451586599,0.8101269339884766,0.018260288835640362
kr-vs-kp,C0,KNN,f_classif,log_loss,10,0.3,0.8701445169784208,0.020103878598541226,0.8488037787721915,0.023651762138662106
kr-vs-kp,C0,KNN,linear_model,log_loss,3,0.1,0.7432985036119711,0.015983479947756306,0.6998669240443391,0.01856330373740524
kr-vs-kp,C0,KNN,linear_model,log_loss,7,0.2,0.8104000782672637,0.020212328022007002,0.7791114620806645,0.02337028635819761
kr-vs-kp,C0,KNN,linear_model,log_loss,10,0.3,0.8211514781887861,0.02234269081636274,0.7913705361059928,0.026324631285947996
kr-vs-kp,C0,KNN,random,log_loss,3,0.1,0.5,0.0,0.4153900149162061,0.0017810800333453094
kr-vs-kp,C0,KNN,random,log_loss,7,0.2,0.5062706253701652,0.005676954858698399,0.42381328419759584,0.006238867656481994
kr-vs-kp,C0,KNN,random,log_loss,10,0.3,0.7158178245277401,0.024515199744734584,0.6703781696937791,0.02837764188565094
kr-vs-kp,C0,KNN,random_1,log_loss,3,0.1,0.5075987032776521,0.005247148081872477,0.42457810534936097,0.006777819481967596
kr-vs-kp,C0,KNN,random_1,log_loss,7,0.2,0.5679999518719446,0.018991113041952255,0.4965678102424615,0.02279293266990059
kr-vs-kp,C0,KNN,random_1,log_loss,10,0.3,0.7734160215403292,0.014490684372280387,0.7358500775057764,0.017407477962818666
kr-vs-kp,C0,KNN,random_2,log_loss,3,0.1,0.7432985036119711,0.015983479947756306,0.6998669240443391,0.01856330373740524
kr-vs-kp,C0,KNN,random_2,log_loss,7,0.2,0.5472627563016192,0.01493692246009914,0.47204819981866575,0.017474171533429398
kr-vs-kp,C0,KNN,random_2,log_loss,10,0.3,0.783427722180669,0.017654515964619946,0.747720160276096,0.01995995496969752
kr-vs-kp,C0,KNN,random_3,log_loss,3,0.1,0.5040475957537905,0.0065878773870748615,0.42074376297856164,0.007947618095996959
kr-vs-kp,C0,KNN,random_3,log_loss,7,0.2,0.549089630218738,0.013972748866698857,0.47434412564710016,0.01690313893147452
kr-vs-kp,C0,KNN,random_3,log_loss,10,0.3,0.6473496826704286,0.024321182249310413,0.5884648006785411,0.02837757523396071
kr-vs-kp,C0,KNN,random_4,log_loss,3,0.1,0.5157206742346061,0.006338304229106524,0.43377350764821154,0.007386469260136264
kr-vs-kp,C0,KNN,random_4,log_loss,7,0.2,0.5137496988709105,0.011206391541041309,0.432239478225264,0.013794898600866417
kr-vs-kp,C0,KNN,random_4,log_loss,10,0.3,0.5108559798188281,0.005147074589646663,0.42840659822760374,0.006012146411858032
kr-vs-kp,C0,LR,attention,log_loss,3,0.1,0.8936752371424455,0.03301774427265722,0.8828741481676465,0.03545947804341514
kr-vs-kp,C0,LR,attention,log_loss,7,0.2,0.9355597161338917,0.022666032973475535,0.9326401684653856,0.023603761318354222
kr-vs-kp,C0,LR,attention,log_loss,10,0.3,0.9381762452016591,0.021831118374986858,0.9357023778187242,0.022593456028049942
kr-vs-kp,C0,LR,decision_tree,log_loss,3,0.1,0.8936752371424455,0.03301774427265722,0.8828741481676465,0.03545947804341514
kr-vs-kp,C0,LR,decision_tree,log_loss,7,0.2,0.9315729313615032,0.022917058847732968,0.927666637419204,0.024274806852949807
kr-vs-kp,C0,LR,decision_tree,log_loss,10,0.3,0.95007382922588,0.01760094594983444,0.95290866017373,0.016159589769076166
kr-vs-kp,C0,LR,f_classif,log_loss,3,0.1,0.8936752371424455,0.03301774427265722,0.8828741481676465,0.03545947804341514
kr-vs-kp,C0,LR,f_classif,log_loss,7,0.2,0.9332090682724079,0.022025639747051604,0.9295823462314644,0.02349945620578446
kr-vs-kp,C0,LR,f_classif,log_loss,10,0.3,0.9321538277846683,0.023030550752314836,0.9314907431780293,0.023623405606849984
kr-vs-kp,C0,LR,linear_model,log_loss,3,0.1,0.8936752371424455,0.03301774427265722,0.8828741481676465,0.03545947804341514
kr-vs-kp,C0,LR,linear_model,log_loss,7,0.2,0.9332090682724079,0.022025639747051604,0.9295823462314644,0.02349945620578446
kr-vs-kp,C0,LR,linear_model,log_loss,10,0.3,0.9367665205467347,0.022954437522830096,0.9353177736831331,0.02307847881085026
kr-vs-kp,C0,LR,random,log_loss,3,0.1,0.7610578480815579,0.030397149211063408,0.7278172618525343,0.03308932914341851
kr-vs-kp,C0,LR,random,log_loss,7,0.2,0.5225727877663217,0.023725544661144914,0.5838451639320289,0.024327923245125126
kr-vs-kp,C0,LR,random,log_loss,10,0.3,0.6260338853068992,0.03193677065776208,0.6535126202801906,0.03316574677138334
kr-vs-kp,C0,LR,random_1,log_loss,3,0.1,0.5040109079738982,0.00457285558454547,0.5872875903015413,0.0036922175488250074
kr-vs-kp,C0,LR,random_1,log_loss,7,0.2,0.5599722053905526,0.022439454659523492,0.6006990143605042,0.02050952593292869
kr-vs-kp,C0,LR,random_1,log_loss,10,0.3,0.7376493547684646,0.01724669177370612,0.7059898803778772,0.018486480140048767
kr-vs-kp,C0,LR,random_2,log_loss,3,0.1,0.5951145552915087,0.026823664005870915,0.6018162674387997,0.025497101083034455
kr-vs-kp,C0,LR,random_2,log_loss,7,0.2,0.755070606224141,0.027490987819169376,0.744260185428914,0.0268601788563324
kr-vs-kp,C0,LR,random_2,log_loss,10,0.3,0.7981110132770314,0.023160759151342764,0.7852344184142026,0.025120614257266194
kr-vs-kp,C0,LR,random_3,log_loss,3,0.1,0.7764474249649428,0.024290519869048777,0.7458132257026703,0.02692755392597297
kr-vs-kp,C0,LR,random_3,log_loss,7,0.2,0.6093883042513641,0.027778934973582015,0.6542818285513732,0.02616912403598413
kr-vs-kp,C0,LR,random_3,log_loss,10,0.3,0.7439535514296926,0.03333798965496795,0.733924132081542,0.034041042371863776
kr-vs-kp,C0,LR,random_4,log_loss,3,0.1,0.5012433606953163,0.0039318517503300855,0.5800122839343687,0.015407498436389663
kr-vs-kp,C0,LR,random_4,log_loss,7,0.2,0.5640052312303214,0.01858274464413945,0.6263475768477085,0.015541822200987257
kr-vs-kp,C0,LR,random_4,log_loss,10,0.3,0.7649633805987656,0.03766091996297544,0.7465882834664093,0.03834883382187168
sylvine,C2,DT,attention,log_loss,2,0.1,0.9353473659995399,0.018039215118189796,0.9358313663781799,0.016427562809215084
sylvine,C2,DT,attention,log_loss,4,0.2,0.9528893489763055,0.02775955209348737,0.9536782061369001,0.025165512431921954
sylvine,C2,DT,attention,log_loss,6,0.3,0.9470117322291236,0.023085933801300383,0.947987149226331,0.0210903918357744
sylvine,C2,DT,decision_tree,log_loss,2,0.1,0.9331734529560617,0.01843219018068619,0.933392341987936,0.01745573287813224
sylvine,C2,DT,decision_tree,log_loss,4,0.2,0.9476155969634231,0.019421134984955315,0.947987149226331,0.01768072916683132
sylvine,C2,DT,decision_tree,log_loss,6,0.3,0.9442236024844721,0.02188904050192047,0.9455612378704432,0.019958491325034536
sylvine,C2,DT,f_classif,log_loss,2,0.1,0.9248608235564758,0.030101252781507437,0.9260818253343824,0.029533165121522528
sylvine,C2,DT,f_classif,log_loss,4,0.2,0.9510271451575798,0.013465548254295674,0.9520587463939154,0.013556507219957202
sylvine,C2,DT,f_classif,log_loss,6,0.3,0.950101219231654,0.015120959194904176,0.9512391817466561,0.014879427939031535
sylvine,C2,DT,linear_model,log_loss,2,0.1,0.8965297906602254,0.03600524431706919,0.8992656700760555,0.03475664939575987
sylvine,C2,DT,linear_model,log_loss,4,0.2,0.9409029215550955,0.018634229426038162,0.9407225281930239,0.017447741014023688
sylvine,C2,DT,linear_model,log_loss,6,0.3,0.9406107660455486,0.020861979063849085,0.9415027537372147,0.019862527254277687
sylvine,C2,DT,random,log_loss,2,0.1,0.5383344835518749,0.04883836529707654,0.5475347495410439,0.05085510750043462
sylvine,C2,DT,random,log_loss,4,0.2,0.789265010351967,0.026435566184798358,0.7920403881458169,0.02458098052140441
sylvine,C2,DT,random,log_loss,6,0.3,0.8503036576949621,0.0260878576572094,0.8537437713086808,0.02669868843469697
sylvine,C2,DT,random_1,log_loss,2,0.1,0.5623959052219922,0.054107895911548555,0.5718856543404144,0.05519716307648917
sylvine,C2,DT,random_1,log_loss,4,0.2,0.6558327582240626,0.049614895245635324,0.6604117492787831,0.04893183038842371
sylvine,C2,DT,random_1,log_loss,6,0.3,0.8437934207499425,0.02589559017277563,0.8448400209808551,0.025270443333067657
sylvine,C2,DT,random_2,log_loss,2,0.1,0.7423360938578331,0.03488741375638526,0.7481969577760295,0.03317029311147913
sylvine,C2,DT,random_2,log_loss,4,0.2,0.5699850471589601,0.023900823702411946,0.5767702596380803,0.023671286068165893
sylvine,C2,DT,random_2,log_loss,6,0.3,0.7362456866804693,0.04442849007122388,0.740040650406504,0.04441107296942746
sylvine,C2,DT,random_3,log_loss,2,0.1,0.5755394524959743,0.031061721790732508,0.5832349855756622,0.0315446428452054
sylvine,C2,DT,random_3,log_loss,4,0.2,0.7452449965493443,0.028078842762571863,0.7473773931287699,0.02985674397413709
sylvine,C2,DT,random_3,log_loss,6,0.3,0.5964550264550265,0.0506794532357785,0.600354051927616,0.04919949794504945
sylvine,C2,DT,random_4,log_loss,2,0.1,0.6116793190706235,0.030784890686035786,0.6222724888539208,0.028765215065501518
sylvine,C2,DT,random_4,log_loss,4,0.2,0.598416149068323,0.05399412225175364,0.6044125360608446,0.05146116779730101
sylvine,C2,DT,random_4,log_loss,6,0.3,0.5989912583390844,0.05481812023648887,0.60524521374246,0.05618976279385818
sylvine,C2,KNN,attention,log_loss,2,0.1,0.9597135955831607,0.01328930428087073,0.9561303435615001,0.014450753256510998
sylvine,C2,KNN,attention,log_loss,4,0.2,0.9552852541982977,0.017101640246744987,0.9520784159454498,0.018927298503387566
sylvine,C2,KNN,attention,log_loss,6,0.3,0.9459052219921785,0.018789977667308236,0.9431222134801993,0.02136676413847083
sylvine,C2,KNN,decision_tree,log_loss,2,0.1,0.9597135955831607,0.01328930428087073,0.9561303435615001,0.014450753256510998
sylvine,C2,KNN,decision_tree,log_loss,4,0.2,0.9520945479641132,0.014410978558057867,0.9496197220036716,0.014274119983592291
sylvine,C2,KNN,decision_tree,log_loss,6,0.3,0.9397354497354498,0.021582826634985636,0.9382507212168896,0.02108898198508599
sylvine,C2,KNN,f_classif,log_loss,2,0.1,0.9348849781458476,0.024494911068696716,0.9325727773406767,0.026013783725750115
sylvine,C2,KNN,f_classif,log_loss,4,0.2,0.9492868645042558,0.02559240993612117,0.9455677943876213,0.02739271063670154
sylvine,C2,KNN,f_classif,log_loss,6,0.3,0.9399873475960433,0.019364579058641532,0.9358248098610018,0.020440655456771567
sylvine,C2,KNN,linear_model,log_loss,2,0.1,0.922133655394525,0.020715322074432427,0.9212037765538946,0.021348661612424536
sylvine,C2,KNN,linear_model,log_loss,4,0.2,0.912290085116172,0.0180416228033171,0.9106412273800156,0.01714123364137815
sylvine,C2,KNN,linear_model,log_loss,6,0.3,0.9208350586611456,0.015727926438386997,0.9179583005507475,0.016428086164179567
sylvine,C2,KNN,random,log_loss,2,0.1,0.4956188175753393,0.05234914359742605,0.512588512981904,0.05312003735469582
sylvine,C2,KNN,random,log_loss,4,0.2,0.8662870945479642,0.03273341352847053,0.8635392079727249,0.032401197432914336
sylvine,C2,KNN,random,log_loss,6,0.3,0.5379583620887969,0.047350025452632546,0.5499475478625755,0.046608529834772296
sylvine,C2,KNN,random_1,log_loss,2,0.1,0.6457085346215781,0.04316808256061796,0.6571990558615264,0.043227769622878776
sylvine,C2,KNN,random_1,log_loss,4,0.2,0.8545514147688061,0.026074106122216025,0.853763440860215,0.02717214228812572
sylvine,C2,KNN,random_1,log_loss,6,0.3,0.8936507936507937,0.026386449559561848,0.8894964594807238,0.028550170671121734
sylvine,C2,KNN,random_2,log_loss,2,0.1,0.5926788589832068,0.04288678990088278,0.6052386572252819,0.04027830072981105
sylvine,C2,KNN,random_2,log_loss,4,0.2,0.6080699332873246,0.03517963093467819,0.613368738526095,0.03384958864406229
sylvine,C2,KNN,random_2,log_loss,6,0.3,0.631608005521049,0.03840718858384816,0.6369066351953843,0.037241151600185186
sylvine,C2,KNN,random_3,log_loss,2,0.1,0.6096905912123304,0.02481482359994606,0.6174009965906111,0.024645997588758153
sylvine,C2,KNN,random_3,log_loss,4,0.2,0.5822751322751323,0.026689782448231385,0.5914175190138998,0.02543786058724983
sylvine,C2,KNN,random_3,log_loss,6,0.3,0.8302277432712215,0.05286673528426856,0.827799632835038,0.05272725587085562
sylvine,C2,KNN,random_4,log_loss,2,0.1,0.6569001610305958,0.05681133973929816,0.6620836611591923,0.05646039443340009
sylvine,C2,KNN,random_4,log_loss,4,0.2,0.9396250287554635,0.010291324676924812,0.9374508261211645,0.010163518087094378
sylvine,C2,KNN,random_4,log_loss,6,0.3,0.5740407177363699,0.054828783227445804,0.5865263571990559,0.05415101105950607
sylvine,C2,LR,attention,log_loss,2,0.1,0.9411651713825627,0.02511596437300242,0.9382507212168896,0.025789000905296403
sylvine,C2,LR,attention,log_loss,4,0.2,0.9429560616517139,0.017925021070275646,0.9423288749016523,0.01730763789625238
sylvine,C2,LR,attention,log_loss,6,0.3,0.9460662525879917,0.015451050255484957,0.9455743509047994,0.015346746636117946
sylvine,C2,LR,decision_tree,log_loss,2,0.1,0.9411651713825627,0.02511596437300242,0.9382507212168896,0.025789000905296403
sylvine,C2,LR,decision_tree,log_loss,4,0.2,0.9441936968023924,0.01759957638905758,0.9439417781274587,0.017350355426523988
sylvine,C2,LR,decision_tree,log_loss,6,0.3,0.9471025994939039,0.016715022781733053,0.9472134801993182,0.016292163165190873
sylvine,C2,LR,f_classif,log_loss,2,0.1,0.9281826547043938,0.020405729018614815,0.925268817204301,0.020545655591593093
sylvine,C2,LR,f_classif,log_loss,4,0.2,0.947133655394525,0.015483482333115531,0.9431353265145554,0.017563582584886165
sylvine,C2,LR,f_classif,log_loss,6,0.3,0.950233494363929,0.015674998011410684,0.9463873590348808,0.017216183158169848
sylvine,C2,LR,linear_model,log_loss,2,0.1,0.9306383712905453,0.024370681815358588,0.9268948334644638,0.02451706908407092
sylvine,C2,LR,linear_model,log_loss,4,0.2,0.933647342995169,0.027510544206977367,0.930946761080514,0.027712364281058208
sylvine,C2,LR,linear_model,log_loss,6,0.3,0.9398366689671038,0.02041704777586053,0.9374508261211645,0.021003153491322306
sylvine,C2,LR,random,log_loss,2,0.1,0.5797239475500345,0.05371231721121985,0.6093102543928665,0.05040563531334262
sylvine,C2,LR,random,log_loss,4,0.2,0.579018863584081,0.05249215976226853,0.6141948596905324,0.04907740874712425
sylvine,C2,LR,random,log_loss,6,0.3,0.6419852772026685,0.050437997120965146,0.656464725937582,0.04877366447645127
sylvine,C2,LR,random_1,log_loss,2,0.1,0.500925925925926,0.002928034870526288,0.562142669813795,0.0026876922550348246
sylvine,C2,LR,random_1,log_loss,4,0.2,0.8220232344145387,0.03685698192836206,0.8286126409651192,0.03468529100648372
sylvine,C2,LR,random_1,log_loss,6,0.3,0.9268438003220612,0.015670896236207696,0.9244492525570417,0.01717145743307709
sylvine,C2,LR,random_2,log_loss,2,0.1,0.8080032206119163,0.03599877697136199,0.8155979543666405,0.03319309445950561
sylvine,C2,LR,random_2,log_loss,4,0.2,0.49949735449735455,0.0015895046439999912,0.5605232100708104,0.0014306134182508964
sylvine,C2,LR,random_2,log_loss,6,0.3,0.8032838739360478,0.03893305465101922,0.8066745344872803,0.0378159969965602
sylvine,C2,LR,random_3,log_loss,2,0.1,0.615829307568438,0.05216991197556832,0.6263571990558615,0.05386931409772962
sylvine,C2,LR,random_3,log_loss,4,0.2,0.5631780538302278,0.053595106830235426,0.5995672698662471,0.05143044524822157
sylvine,C2,LR,random_3,log_loss,6,0.3,0.4992753623188406,0.0022915055508466436,0.5605166535536323,0.0029159921266636796
sylvine,C2,LR,random_4,log_loss,2,0.1,0.500925925925926,0.002928034870526288,0.562142669813795,0.0026876922550348246
sylvine,C2,LR,random_4,log_loss,4,0.2,0.9249217851391764,0.013566244665713654,0.9236428009441384,0.012800132208466486
sylvine,C2,LR,random_4,log_loss,6,0.3,0.9165481941568897,0.02585174225400059,0.9146931549960661,0.024648211673287516
volkert,C2,DT,attention,log_loss,18,0.1,0.37626839433185394,0.017693403769865612,0.4338617203273585,0.014951178339370675
volkert,C2,DT,attention,log_loss,36,0.2,0.4053151693191322,0.019055850523784154,0.4594460798668372,0.011806673761085419
volkert,C2,DT,attention,log_loss,54,0.3,0.40618182262689456,0.016810696620370796,0.4646630088004562,0.012200298600411006
volkert,C2,DT,decision_tree,log_loss,18,0.1,0.39657375489934504,0.025537305580863645,0.4593237057472682,0.013030391669735963
volkert,C2,DT,decision_tree,log_loss,36,0.2,0.40833569315798784,0.02010874287969821,0.4682636437895905,0.011509321572502965
volkert,C2,DT,decision_tree,log_loss,54,0.3,0.4071841370056865,0.020720534145583263,0.4598181341799855,0.014297814853633987
volkert,C2,DT,f_classif,log_loss,18,0.1,0.30481258054499144,0.0200835467317993,0.3681532913089715,0.019674382441714384
volkert,C2,DT,f_classif,log_loss,36,0.2,0.31108494777752466,0.018162108149361866,0.37212952545350864,0.019051240704352077
volkert,C2,DT,f_classif,log_loss,54,0.3,0.32693272151443065,0.012115965919832565,0.39063360202210134,0.013749975359500687
volkert,C2,DT,linear_model,log_loss,18,0.1,0.3296069928071392,0.019167554018106006,0.39548032612548745,0.019917742629390705
volkert,C2,DT,linear_model,log_loss,36,0.2,0.4017183998958265,0.023785208214144524,0.44963488124778445,0.013963730669350019
volkert,C2,DT,linear_model,log_loss,54,0.3,0.40832328968358267,0.013805672005174494,0.4682647226546245,0.010934029367458149
volkert,C2,DT,random,log_loss,18,0.1,0.32374967892889694,0.013938654657586697,0.39200160288519337,0.014363946717381785
volkert,C2,DT,random,log_loss,36,0.2,0.3875860065085202,0.02938710516711067,0.43957061171647427,0.021139161175647635
volkert,C2,DT,random,log_loss,54,0.3,0.3810302739005883,0.017466029282029828,0.4334878165312948,0.014621905018909287
volkert,C2,DT,random_1,log_loss,18,0.1,0.3253868657144367,0.02241514264890568,0.38604010295454894,0.019784372127859644
volkert,C2,DT,random_1,log_loss,36,0.2,0.3789369006815259,0.022787327613834202,0.42951296949894424,0.014799934808694635
volkert,C2,DT,random_1,log_loss,54,0.3,0.37549168483206,0.015430595795113617,0.43845383228272433,0.015326094165281698
volkert,C2,DT,random_2,log_loss,18,0.1,0.34172013376377375,0.02517590941257036,0.39982383675230804,0.018520153243727147
volkert,C2,DT,random_2,log_loss,36,0.2,0.3847507925149712,0.019272314732922076,0.4321184285560162,0.0173234930244331
volkert,C2,DT,random_2,log_loss,54,0.3,0.39918125316055286,0.030704890118128072,0.45087865850839204,0.02351289635071331
volkert,C2,DT,random_3,log_loss,18,0.1,0.34872686269964814,0.018658068771838253,0.39696607740086,0.015617153864756579
volkert,C2,DT,random_3,log_loss,36,0.2,0.3828084915303003,0.01686790187519674,0.44640707118967987,0.020176003409685957
volkert,C2,DT,random_3,log_loss,54,0.3,0.3709510584394645,0.014311043424754475,0.43410893454371713,0.014247275693019121
volkert,C2,DT,random_4,log_loss,18,0.1,0.3274508391350629,0.016333751859230507,0.387281414237936,0.009269424225723676
volkert,C2,DT,random_4,log_loss,36,0.2,0.3816518252579949,0.01693682396924467,0.43559653530200515,0.012360466892226963
volkert,C2,DT,random_4,log_loss,54,0.3,0.37071051368092034,0.023719937670576802,0.43447852287964495,0.017847452785277138
volkert,C2,KNN,attention,log_loss,18,0.1,0.47291487332468474,0.020077505091567763,0.53968358429789,0.012197105617620305
volkert,C2,KNN,attention,log_loss,36,0.2,0.5137752425078556,0.01938847104026416,0.5729715025507451,0.018920255288812957
volkert,C2,KNN,attention,log_loss,54,0.3,0.5331105371690824,0.02369973079870841,0.5923454525838817,0.019465575789405318
volkert,C2,KNN,decision_tree,log_loss,18,0.1,0.49716381529923154,0.01332185727840681,0.574338886919532,0.014606450872575494
volkert,C2,KNN,decision_tree,log_loss,36,0.2,0.530485196867767,0.013867191179573586,0.5916005733397037,0.01407986034807533
volkert,C2,KNN,decision_tree,log_loss,54,0.3,0.5491284825732801,0.017973834614915803,0.6057620640229336,0.012857962612014523
volkert,C2,KNN,f_classif,log_loss,18,0.1,0.35452625070139876,0.01497689032762962,0.44329870690319495,0.015544272062379247
volkert,C2,KNN,f_classif,log_loss,36,0.2,0.3580243033845035,0.011881931507356709,0.4490148421003961,0.013062537754069835
volkert,C2,KNN,f_classif,log_loss,54,0.3,0.3916120561094002,0.016271373345609467,0.475966740132238,0.015841401672421124
volkert,C2,KNN,linear_model,log_loss,18,0.1,0.3838789888184229,0.016382871791710104,0.46503567960790965,0.010796965709466328
volkert,C2,KNN,linear_model,log_loss,36,0.2,0.46595901632459286,0.02505670772479827,0.5339697609543332,0.018258767619596335
volkert,C2,KNN,linear_model,log_loss,54,0.3,0.5156184905666417,0.021649339176613193,0.5719766348658355,0.016986983269975105
volkert,C2,KNN,random,log_loss,18,0.1,0.3213759040515759,0.024614526470294083,0.412368416996748,0.024582944419814932
volkert,C2,KNN,random,log_loss,36,0.2,0.4360058099065072,0.017919048589151363,0.5170781252408181,0.016761177978764176
volkert,C2,KNN,random,log_loss,54,0.3,0.48483948146924316,0.020529719424369895,0.5497438466162169,0.013986998874763035
volkert,C2,KNN,random_1,log_loss,18,0.1,0.3872133469193604,0.026214935168567606,0.4610597537105251,0.025028374987959956
volkert,C2,KNN,random_1,log_loss,36,0.2,0.4774875814581548,0.020990244032859956,0.5475079758950727,0.018588956344342433
volkert,C2,KNN,random_1,log_loss,54,0.3,0.4041217188860293,0.019411950910956235,0.48515743723317356,0.014091785733400038
volkert,C2,KNN,random_2,log_loss,18,0.1,0.4219098472104258,0.02647260223416704,0.49409768352264843,0.017515064268504982
volkert,C2,KNN,random_2,log_loss,36,0.2,0.41210826087160585,0.018514025379806183,0.49558867499961473,0.011071822959446266
volkert,C2,KNN,random_2,log_loss,54,0.3,0.4879019856942194,0.01594854248513854,0.550739484919008,0.012971279592903057
volkert,C2,KNN,random_3,log_loss,18,0.1,0.3862026851285883,0.02003093514694751,0.4604386356981028,0.015075255149768874
volkert,C2,KNN,random_3,log_loss,36,0.2,0.41832896838243155,0.020586158159429456,0.4896267126982415,0.019914138451275418
volkert,C2,KNN,random_3,log_loss,54,0.3,0.4690988822497683,0.01740811832487843,0.5378219256199621,0.0175456873972404
volkert,C2,KNN,random_4,log_loss,18,0.1,0.367090139647015,0.01921463182917109,0.4616850330595071,0.01818319236662675
volkert,C2,KNN,random_4,log_loss,36,0.2,0.47303594165387963,0.01855466050923181,0.5329759721344575,0.016999898137331656
volkert,C2,KNN,random_4,log_loss,54,0.3,0.42981698277073843,0.019559468828372253,0.5135997102476766,0.011346893299039842
volkert,C2,LR,attention,log_loss,18,0.1,0.395085926710835,0.012242630439803438,0.5219234622320176,0.011844208110542032
volkert,C2,LR,attention,log_loss,36,0.2,0.44091587440022667,0.020869252049243562,0.5527253671994206,0.01095887140979027
volkert,C2,LR,attention,log_loss,54,0.3,0.4553091800486799,0.029093629651247094,0.5586881001186752,0.01635173328913491
volkert,C2,LR,decision_tree,log_loss,18,0.1,0.4093178820282226,0.013086353918209113,0.5421702140776474,0.014432399344137007
volkert,C2,LR,decision_tree,log_loss,36,0.2,0.4341196658064123,0.02293534204285312,0.5524775364887567,0.013546897165300576
volkert,C2,LR,decision_tree,log_loss,54,0.3,0.4499919092620336,0.028128498405447778,0.5568250543285607,0.01199029336421301
volkert,C2,LR,f_classif,log_loss,18,0.1,0.33787760753164875,0.018111011321095643,0.47075089006365306,0.017288043224201088
volkert,C2,LR,f_classif,log_loss,36,0.2,0.34716547180260804,0.018161697982586964,0.4738578672379514,0.015513055590915736
volkert,C2,LR,f_classif,log_loss,54,0.3,0.36764551926352873,0.0169278784312706,0.4888861489141994,0.012290652404331505
volkert,C2,LR,linear_model,log_loss,18,0.1,0.33476889458962095,0.01270976819106274,0.4801903426167101,0.00998588778650877
volkert,C2,LR,linear_model,log_loss,36,0.2,0.39539076082389296,0.019638431327699848,0.5189422498959666,0.014119548350812616
volkert,C2,LR,linear_model,log_loss,54,0.3,0.4390815696233951,0.020180591802012714,0.550243052879799,0.011621529628447695
volkert,C2,LR,random,log_loss,18,0.1,0.2871706188224827,0.01280787586399325,0.4475226176348196,0.013552459714179397
volkert,C2,LR,random,log_loss,36,0.2,0.4041565976923126,0.024034566435142995,0.528134488232665,0.014019640984402885
volkert,C2,LR,random,log_loss,54,0.3,0.40670691940592973,0.020465221338263798,0.5254021854723117,0.016409663838288933
volkert,C2,LR,random_1,log_loss,18,0.1,0.3201687761834004,0.014149076265425468,0.4577111107686143,0.014536263960730211
volkert,C2,LR,random_1,log_loss,36,0.2,0.34593877797622424,0.01530412063046217,0.47162122589892574,0.017263559241862077
volkert,C2,LR,random_1,log_loss,54,0.3,0.41197186380797046,0.020360561965972968,0.5344685048471864,0.016526340183880755
volkert,C2,LR,random_2,log_loss,18,0.1,0.3395418717259354,0.018669027340568467,0.4598173635621041,0.010794063466622338
volkert,C2,LR,random_2,log_loss,36,0.2,0.3819588759942804,0.016985608819307794,0.5113680008630921,0.015418801771065105
volkert,C2,LR,random_2,log_loss,54,0.3,0.3994958140190026,0.014241073087330204,0.5329790546059832,0.014300141018350655
volkert,C2,LR,random_3,log_loss,18,0.1,0.3018601660236744,0.01755589084791307,0.45646178505926055,0.020369794512594654
volkert,C2,LR,random_3,log_loss,36,0.2,0.38055438360056815,0.015462102981682626,0.5195627514140838,0.014269895097708906
volkert,C2,LR,random_3,log_loss,54,0.3,0.4077806311966638,0.019922266198379193,0.5168336852488326,0.012288593199197242
volkert,C2,LR,random_4,log_loss,18,0.1,0.3338028905073761,0.012233916824520961,0.47211642494952455,0.011970127235171544
volkert,C2,LR,random_4,log_loss,36,0.2,0.3679244892212601,0.02219107471403596,0.48987762588043093,0.01848994850165713
volkert,C2,LR,random_4,log_loss,54,0.3,0.38704985609176185,0.01874718167049835,0.5029201793998428,0.016190956621870208
adult,C3,DT,attention,log_loss,14,1.0,0.6680212626118803,0.006000746281700756,0.7168659061552758,0.005848288415398398
adult,C3,KNN,attention,log_loss,14,1.0,0.7018131292574503,0.008351387003994569,0.7569567119401324,0.0069197901070020985
adult,C3,LR,attention,log_loss,14,1.0,0.7179472463702681,0.007598378162878671,0.7858551870345492,0.005066386433551484
anneal,C0,DT,attention,log_loss,32,1.0,1.0,0.0,1.0,0.0
anneal,C0,KNN,attention,log_loss,32,1.0,0.9333333333333333,0.14054567378526128,0.9866666666666667,0.028109134757052217
anneal,C0,LR,attention,log_loss,32,1.0,0.9333333333333333,0.14054567378526128,0.9866666666666667,0.028109134757052217
australian,C0,DT,attention,log_loss,14,1.0,0.8218137254901962,0.05615462230529508,0.8373188405797102,0.04213054806335366
australian,C0,KNN,attention,log_loss,14,1.0,0.8502888655462184,0.10872598963388636,0.8934782608695653,0.07231163579586793
australian,C0,LR,attention,log_loss,14,1.0,0.9041228991596639,0.0826094459955268,0.9233695652173914,0.05531908558445582
jasmine,C1,DT,attention,log_loss,144,1.0,0.7531444169885819,0.03371340003544888,0.7772614421416235,0.02933196531313612
jasmine,C1,KNN,attention,log_loss,144,1.0,0.7866592532446335,0.026398996141843253,0.7866229490500863,0.02542643792565997
jasmine,C1,LR,attention,log_loss,144,1.0,0.8032463843986937,0.02272663114136542,0.8141029792746114,0.02511669135228644
kr-vs-kp,C0,DT,attention,log_loss,36,1.0,0.9950184372531137,0.004112568334168093,0.9946374776988096,0.004497827287000871
kr-vs-kp,C0,KNN,attention,log_loss,36,1.0,0.9446578516056887,0.012918770510383365,0.9360796700886198,0.014691605102105596
kr-vs-kp,C0,LR,attention,log_loss,36,1.0,0.9597125177127023,0.01985851191868499,0.961346553186511,0.019683665342836533
sylvine,C2,DT,attention,log_loss,20,1.0,0.9332033586381412,0.020865007354844495,0.9350118017309205,0.01916350324124917
sylvine,C2,KNN,attention,log_loss,20,1.0,0.859674488152749,0.03306803534048497,0.8570089168633622,0.0337441581601427
sylvine,C2,LR,attention,log_loss,20,1.0,0.9542880147227972,0.014635647774378643,0.9536847626540782,0.01439394711530778
volkert,C2,DT,attention,log_loss,180,1.0,0.4068549143844514,0.01154876707391601,0.4649105312639675,0.011384369314401484
volkert,C2,KNN,attention,log_loss,180,1.0,0.5445973455102849,0.020586191449434178,0.5985574033259867,0.009225741896245074
volkert,C2,LR,attention,log_loss,180,1.0,0.4640602273544793,0.02045717830451846,0.5603036234452784,0.011207880639120205
adult,C3,DT,decision_tree,log_loss,14,1.0,0.6680212626118803,0.006000746281700756,0.7168659061552758,0.005848288415398398
adult,C3,KNN,decision_tree,log_loss,14,1.0,0.7018131292574503,0.008351387003994569,0.7569567119401324,0.0069197901070020985
adult,C3,LR,decision_tree,log_loss,14,1.0,0.7179472463702681,0.007598378162878671,0.7858551870345492,0.005066386433551484
anneal,C0,DT,decision_tree,log_loss,32,1.0,1.0,0.0,1.0,0.0
anneal,C0,KNN,decision_tree,log_loss,32,1.0,0.9333333333333333,0.14054567378526128,0.9866666666666667,0.028109134757052217
anneal,C0,LR,decision_tree,log_loss,32,1.0,0.9333333333333333,0.14054567378526128,0.9866666666666667,0.028109134757052217
australian,C0,DT,decision_tree,log_loss,14,1.0,0.8218137254901962,0.05615462230529508,0.8373188405797102,0.04213054806335366
australian,C0,KNN,decision_tree,log_loss,14,1.0,0.8502888655462184,0.10872598963388636,0.8934782608695653,0.07231163579586793
australian,C0,LR,decision_tree,log_loss,14,1.0,0.9041228991596639,0.0826094459955268,0.9233695652173914,0.05531908558445582
jasmine,C1,DT,decision_tree,log_loss,144,1.0,0.7531444169885819,0.03371340003544888,0.7772614421416235,0.02933196531313612
jasmine,C1,KNN,decision_tree,log_loss,144,1.0,0.7866592532446335,0.026398996141843253,0.7866229490500863,0.02542643792565997
jasmine,C1,LR,decision_tree,log_loss,144,1.0,0.8032463843986937,0.02272663114136542,0.8141029792746114,0.02511669135228644
kr-vs-kp,C0,DT,decision_tree,log_loss,36,1.0,0.9950184372531137,0.004112568334168093,0.9946374776988096,0.004497827287000871
kr-vs-kp,C0,KNN,decision_tree,log_loss,36,1.0,0.9446578516056887,0.012918770510383365,0.9360796700886198,0.014691605102105596
kr-vs-kp,C0,LR,decision_tree,log_loss,36,1.0,0.9597125177127023,0.01985851191868499,0.961346553186511,0.019683665342836533
sylvine,C2,DT,decision_tree,log_loss,20,1.0,0.9332033586381412,0.020865007354844495,0.9350118017309205,0.01916350324124917
sylvine,C2,KNN,decision_tree,log_loss,20,1.0,0.859674488152749,0.03306803534048497,0.8570089168633622,0.0337441581601427
sylvine,C2,LR,decision_tree,log_loss,20,1.0,0.9542880147227972,0.014635647774378643,0.9536847626540782,0.01439394711530778
volkert,C2,DT,decision_tree,log_loss,180,1.0,0.4068549143844514,0.01154876707391601,0.4649105312639675,0.011384369314401484
volkert,C2,KNN,decision_tree,log_loss,180,1.0,0.5445973455102849,0.020586191449434178,0.5985574033259867,0.009225741896245074
volkert,C2,LR,decision_tree,log_loss,180,1.0,0.4640602273544793,0.02045717830451846,0.5603036234452784,0.011207880639120205
adult,C3,DT,f_classif,log_loss,14,1.0,0.6680212626118803,0.006000746281700756,0.7168659061552758,0.005848288415398398
adult,C3,KNN,f_classif,log_loss,14,1.0,0.7018131292574503,0.008351387003994569,0.7569567119401324,0.0069197901070020985
adult,C3,LR,f_classif,log_loss,14,1.0,0.7179472463702681,0.007598378162878671,0.7858551870345492,0.005066386433551484
anneal,C0,DT,f_classif,log_loss,32,1.0,1.0,0.0,1.0,0.0
anneal,C0,KNN,f_classif,log_loss,32,1.0,0.9333333333333333,0.14054567378526128,0.9866666666666667,0.028109134757052217
anneal,C0,LR,f_classif,log_loss,32,1.0,0.9333333333333333,0.14054567378526128,0.9866666666666667,0.028109134757052217
australian,C0,DT,f_classif,log_loss,14,1.0,0.8218137254901962,0.05615462230529508,0.8373188405797102,0.04213054806335366
australian,C0,KNN,f_classif,log_loss,14,1.0,0.8502888655462184,0.10872598963388636,0.8934782608695653,0.07231163579586793
australian,C0,LR,f_classif,log_loss,14,1.0,0.9041228991596639,0.0826094459955268,0.9233695652173914,0.05531908558445582
jasmine,C1,DT,f_classif,log_loss,144,1.0,0.7531444169885819,0.03371340003544888,0.7772614421416235,0.02933196531313612
jasmine,C1,KNN,f_classif,log_loss,144,1.0,0.7866592532446335,0.026398996141843253,0.7866229490500863,0.02542643792565997
jasmine,C1,LR,f_classif,log_loss,144,1.0,0.8032463843986937,0.02272663114136542,0.8141029792746114,0.02511669135228644
kr-vs-kp,C0,DT,f_classif,log_loss,36,1.0,0.9950184372531137,0.004112568334168093,0.9946374776988096,0.004497827287000871
kr-vs-kp,C0,KNN,f_classif,log_loss,36,1.0,0.9446578516056887,0.012918770510383365,0.9360796700886198,0.014691605102105596
kr-vs-kp,C0,LR,f_classif,log_loss,36,1.0,0.9597125177127023,0.01985851191868499,0.961346553186511,0.019683665342836533
sylvine,C2,DT,f_classif,log_loss,20,1.0,0.9332033586381412,0.020865007354844495,0.9350118017309205,0.01916350324124917
sylvine,C2,KNN,f_classif,log_loss,20,1.0,0.859674488152749,0.03306803534048497,0.8570089168633622,0.0337441581601427
sylvine,C2,LR,f_classif,log_loss,20,1.0,0.9542880147227972,0.014635647774378643,0.9536847626540782,0.01439394711530778
volkert,C2,DT,f_classif,log_loss,180,1.0,0.4068549143844514,0.01154876707391601,0.4649105312639675,0.011384369314401484
volkert,C2,KNN,f_classif,log_loss,180,1.0,0.5445973455102849,0.020586191449434178,0.5985574033259867,0.009225741896245074
volkert,C2,LR,f_classif,log_loss,180,1.0,0.4640602273544793,0.02045717830451846,0.5603036234452784,0.011207880639120205
adult,C3,DT,linear_model,log_loss,14,1.0,0.6680212626118803,0.006000746281700756,0.7168659061552758,0.005848288415398398
adult,C3,KNN,linear_model,log_loss,14,1.0,0.7018131292574503,0.008351387003994569,0.7569567119401324,0.0069197901070020985
adult,C3,LR,linear_model,log_loss,14,1.0,0.7179472463702681,0.007598378162878671,0.7858551870345492,0.005066386433551484
anneal,C0,DT,linear_model,log_loss,32,1.0,1.0,0.0,1.0,0.0
anneal,C0,KNN,linear_model,log_loss,32,1.0,0.9333333333333333,0.14054567378526128,0.9866666666666667,0.028109134757052217
anneal,C0,LR,linear_model,log_loss,32,1.0,0.9333333333333333,0.14054567378526128,0.9866666666666667,0.028109134757052217
australian,C0,DT,linear_model,log_loss,14,1.0,0.8218137254901962,0.05615462230529508,0.8373188405797102,0.04213054806335366
australian,C0,KNN,linear_model,log_loss,14,1.0,0.8502888655462184,0.10872598963388636,0.8934782608695653,0.07231163579586793
australian,C0,LR,linear_model,log_loss,14,1.0,0.9041228991596639,0.0826094459955268,0.9233695652173914,0.05531908558445582
jasmine,C1,DT,linear_model,log_loss,144,1.0,0.7531444169885819,0.03371340003544888,0.7772614421416235,0.02933196531313612
jasmine,C1,KNN,linear_model,log_loss,144,1.0,0.7866592532446335,0.026398996141843253,0.7866229490500863,0.02542643792565997
jasmine,C1,LR,linear_model,log_loss,144,1.0,0.8032463843986937,0.02272663114136542,0.8141029792746114,0.02511669135228644
kr-vs-kp,C0,DT,linear_model,log_loss,36,1.0,0.9950184372531137,0.004112568334168093,0.9946374776988096,0.004497827287000871
kr-vs-kp,C0,KNN,linear_model,log_loss,36,1.0,0.9446578516056887,0.012918770510383365,0.9360796700886198,0.014691605102105596
kr-vs-kp,C0,LR,linear_model,log_loss,36,1.0,0.9597125177127023,0.01985851191868499,0.961346553186511,0.019683665342836533
sylvine,C2,DT,linear_model,log_loss,20,1.0,0.9332033586381412,0.020865007354844495,0.9350118017309205,0.01916350324124917
sylvine,C2,KNN,linear_model,log_loss,20,1.0,0.859674488152749,0.03306803534048497,0.8570089168633622,0.0337441581601427
sylvine,C2,LR,linear_model,log_loss,20,1.0,0.9542880147227972,0.014635647774378643,0.9536847626540782,0.01439394711530778
volkert,C2,DT,linear_model,log_loss,180,1.0,0.4068549143844514,0.01154876707391601,0.4649105312639675,0.011384369314401484
volkert,C2,KNN,linear_model,log_loss,180,1.0,0.5445973455102849,0.020586191449434178,0.5985574033259867,0.009225741896245074
volkert,C2,LR,linear_model,log_loss,180,1.0,0.4640602273544793,0.02045717830451846,0.5603036234452784,0.011207880639120205
adult,C3,DT,random,log_loss,14,1.0,0.6680212626118803,0.006000746281700756,0.7168659061552758,0.005848288415398398
adult,C3,KNN,random,log_loss,14,1.0,0.7018131292574503,0.008351387003994569,0.7569567119401324,0.0069197901070020985
adult,C3,LR,random,log_loss,14,1.0,0.7179472463702681,0.007598378162878671,0.7858551870345492,0.005066386433551484
anneal,C0,DT,random,log_loss,32,1.0,1.0,0.0,1.0,0.0
anneal,C0,KNN,random,log_loss,32,1.0,0.9333333333333333,0.14054567378526128,0.9866666666666667,0.028109134757052217
anneal,C0,LR,random,log_loss,32,1.0,0.9333333333333333,0.14054567378526128,0.9866666666666667,0.028109134757052217
australian,C0,DT,random,log_loss,14,1.0,0.8218137254901962,0.05615462230529508,0.8373188405797102,0.04213054806335366
australian,C0,KNN,random,log_loss,14,1.0,0.8502888655462184,0.10872598963388636,0.8934782608695653,0.07231163579586793
australian,C0,LR,random,log_loss,14,1.0,0.9041228991596639,0.0826094459955268,0.9233695652173914,0.05531908558445582
jasmine,C1,DT,random,log_loss,144,1.0,0.7531444169885819,0.03371340003544888,0.7772614421416235,0.02933196531313612
jasmine,C1,KNN,random,log_loss,144,1.0,0.7866592532446335,0.026398996141843253,0.7866229490500863,0.02542643792565997
jasmine,C1,LR,random,log_loss,144,1.0,0.8032463843986937,0.02272663114136542,0.8141029792746114,0.02511669135228644
kr-vs-kp,C0,DT,random,log_loss,36,1.0,0.9950184372531137,0.004112568334168093,0.9946374776988096,0.004497827287000871
kr-vs-kp,C0,KNN,random,log_loss,36,1.0,0.9446578516056887,0.012918770510383365,0.9360796700886198,0.014691605102105596
kr-vs-kp,C0,LR,random,log_loss,36,1.0,0.9597125177127023,0.01985851191868499,0.961346553186511,0.019683665342836533
sylvine,C2,DT,random,log_loss,20,1.0,0.9332033586381412,0.020865007354844495,0.9350118017309205,0.01916350324124917
sylvine,C2,KNN,random,log_loss,20,1.0,0.859674488152749,0.03306803534048497,0.8570089168633622,0.0337441581601427
sylvine,C2,LR,random,log_loss,20,1.0,0.9542880147227972,0.014635647774378643,0.9536847626540782,0.01439394711530778
volkert,C2,DT,random,log_loss,180,1.0,0.4068549143844514,0.01154876707391601,0.4649105312639675,0.011384369314401484
volkert,C2,KNN,random,log_loss,180,1.0,0.5445973455102849,0.020586191449434178,0.5985574033259867,0.009225741896245074
volkert,C2,LR,random,log_loss,180,1.0,0.4640602273544793,0.02045717830451846,0.5603036234452784,0.011207880639120205
adult,C3,DT,random_1,log_loss,14,1.0,0.6680212626118803,0.006000746281700756,0.7168659061552758,0.005848288415398398
adult,C3,KNN,random_1,log_loss,14,1.0,0.7018131292574503,0.008351387003994569,0.7569567119401324,0.0069197901070020985
adult,C3,LR,random_1,log_loss,14,1.0,0.7179472463702681,0.007598378162878671,0.7858551870345492,0.005066386433551484
anneal,C0,DT,random_1,log_loss,32,1.0,1.0,0.0,1.0,0.0
anneal,C0,KNN,random_1,log_loss,32,1.0,0.9333333333333333,0.14054567378526128,0.9866666666666667,0.028109134757052217
anneal,C0,LR,random_1,log_loss,32,1.0,0.9333333333333333,0.14054567378526128,0.9866666666666667,0.028109134757052217
australian,C0,DT,random_1,log_loss,14,1.0,0.8218137254901962,0.05615462230529508,0.8373188405797102,0.04213054806335366
australian,C0,KNN,random_1,log_loss,14,1.0,0.8502888655462184,0.10872598963388636,0.8934782608695653,0.07231163579586793
australian,C0,LR,random_1,log_loss,14,1.0,0.9041228991596639,0.0826094459955268,0.9233695652173914,0.05531908558445582
jasmine,C1,DT,random_1,log_loss,144,1.0,0.7531444169885819,0.03371340003544888,0.7772614421416235,0.02933196531313612
jasmine,C1,KNN,random_1,log_loss,144,1.0,0.7866592532446335,0.026398996141843253,0.7866229490500863,0.02542643792565997
jasmine,C1,LR,random_1,log_loss,144,1.0,0.8032463843986937,0.02272663114136542,0.8141029792746114,0.02511669135228644
kr-vs-kp,C0,DT,random_1,log_loss,36,1.0,0.9950184372531137,0.004112568334168093,0.9946374776988096,0.004497827287000871
kr-vs-kp,C0,KNN,random_1,log_loss,36,1.0,0.9446578516056887,0.012918770510383365,0.9360796700886198,0.014691605102105596
kr-vs-kp,C0,LR,random_1,log_loss,36,1.0,0.9597125177127023,0.01985851191868499,0.961346553186511,0.019683665342836533
sylvine,C2,DT,random_1,log_loss,20,1.0,0.9332033586381412,0.020865007354844495,0.9350118017309205,0.01916350324124917
sylvine,C2,KNN,random_1,log_loss,20,1.0,0.859674488152749,0.03306803534048497,0.8570089168633622,0.0337441581601427
sylvine,C2,LR,random_1,log_loss,20,1.0,0.9542880147227972,0.014635647774378643,0.9536847626540782,0.01439394711530778
volkert,C2,DT,random_1,log_loss,180,1.0,0.4068549143844514,0.01154876707391601,0.4649105312639675,0.011384369314401484
volkert,C2,KNN,random_1,log_loss,180,1.0,0.5445973455102849,0.020586191449434178,0.5985574033259867,0.009225741896245074
volkert,C2,LR,random_1,log_loss,180,1.0,0.4640602273544793,0.02045717830451846,0.5603036234452784,0.011207880639120205
adult,C3,DT,random_2,log_loss,14,1.0,0.6680212626118803,0.006000746281700756,0.7168659061552758,0.005848288415398398
adult,C3,KNN,random_2,log_loss,14,1.0,0.7018131292574503,0.008351387003994569,0.7569567119401324,0.0069197901070020985
adult,C3,LR,random_2,log_loss,14,1.0,0.7179472463702681,0.007598378162878671,0.7858551870345492,0.005066386433551484
anneal,C0,DT,random_2,log_loss,32,1.0,1.0,0.0,1.0,0.0
anneal,C0,KNN,random_2,log_loss,32,1.0,0.9333333333333333,0.14054567378526128,0.9866666666666667,0.028109134757052217
anneal,C0,LR,random_2,log_loss,32,1.0,0.9333333333333333,0.14054567378526128,0.9866666666666667,0.028109134757052217
australian,C0,DT,random_2,log_loss,14,1.0,0.8218137254901962,0.05615462230529508,0.8373188405797102,0.04213054806335366
australian,C0,KNN,random_2,log_loss,14,1.0,0.8502888655462184,0.10872598963388636,0.8934782608695653,0.07231163579586793
australian,C0,LR,random_2,log_loss,14,1.0,0.9041228991596639,0.0826094459955268,0.9233695652173914,0.05531908558445582
jasmine,C1,DT,random_2,log_loss,144,1.0,0.7531444169885819,0.03371340003544888,0.7772614421416235,0.02933196531313612
jasmine,C1,KNN,random_2,log_loss,144,1.0,0.7866592532446335,0.026398996141843253,0.7866229490500863,0.02542643792565997
jasmine,C1,LR,random_2,log_loss,144,1.0,0.8032463843986937,0.02272663114136542,0.8141029792746114,0.02511669135228644
kr-vs-kp,C0,DT,random_2,log_loss,36,1.0,0.9950184372531137,0.004112568334168093,0.9946374776988096,0.004497827287000871
kr-vs-kp,C0,KNN,random_2,log_loss,36,1.0,0.9446578516056887,0.012918770510383365,0.9360796700886198,0.014691605102105596
kr-vs-kp,C0,LR,random_2,log_loss,36,1.0,0.9597125177127023,0.01985851191868499,0.961346553186511,0.019683665342836533
sylvine,C2,DT,random_2,log_loss,20,1.0,0.9332033586381412,0.020865007354844495,0.9350118017309205,0.01916350324124917
sylvine,C2,KNN,random_2,log_loss,20,1.0,0.859674488152749,0.03306803534048497,0.8570089168633622,0.0337441581601427
sylvine,C2,LR,random_2,log_loss,20,1.0,0.9542880147227972,0.014635647774378643,0.9536847626540782,0.01439394711530778
volkert,C2,DT,random_2,log_loss,180,1.0,0.4068549143844514,0.01154876707391601,0.4649105312639675,0.011384369314401484
volkert,C2,KNN,random_2,log_loss,180,1.0,0.5445973455102849,0.020586191449434178,0.5985574033259867,0.009225741896245074
volkert,C2,LR,random_2,log_loss,180,1.0,0.4640602273544793,0.02045717830451846,0.5603036234452784,0.011207880639120205
adult,C3,DT,random_3,log_loss,14,1.0,0.6680212626118803,0.006000746281700756,0.7168659061552758,0.005848288415398398
adult,C3,KNN,random_3,log_loss,14,1.0,0.7018131292574503,0.008351387003994569,0.7569567119401324,0.0069197901070020985
adult,C3,LR,random_3,log_loss,14,1.0,0.7179472463702681,0.007598378162878671,0.7858551870345492,0.005066386433551484
anneal,C0,DT,random_3,log_loss,32,1.0,1.0,0.0,1.0,0.0
anneal,C0,KNN,random_3,log_loss,32,1.0,0.9333333333333333,0.14054567378526128,0.9866666666666667,0.028109134757052217
anneal,C0,LR,random_3,log_loss,32,1.0,0.9333333333333333,0.14054567378526128,0.9866666666666667,0.028109134757052217
australian,C0,DT,random_3,log_loss,14,1.0,0.8218137254901962,0.05615462230529508,0.8373188405797102,0.04213054806335366
australian,C0,KNN,random_3,log_loss,14,1.0,0.8502888655462184,0.10872598963388636,0.8934782608695653,0.07231163579586793
australian,C0,LR,random_3,log_loss,14,1.0,0.9041228991596639,0.0826094459955268,0.9233695652173914,0.05531908558445582
jasmine,C1,DT,random_3,log_loss,144,1.0,0.7531444169885819,0.03371340003544888,0.7772614421416235,0.02933196531313612
jasmine,C1,KNN,random_3,log_loss,144,1.0,0.7866592532446335,0.026398996141843253,0.7866229490500863,0.02542643792565997
jasmine,C1,LR,random_3,log_loss,144,1.0,0.8032463843986937,0.02272663114136542,0.8141029792746114,0.02511669135228644
kr-vs-kp,C0,DT,random_3,log_loss,36,1.0,0.9950184372531137,0.004112568334168093,0.9946374776988096,0.004497827287000871
kr-vs-kp,C0,KNN,random_3,log_loss,36,1.0,0.9446578516056887,0.012918770510383365,0.9360796700886198,0.014691605102105596
kr-vs-kp,C0,LR,random_3,log_loss,36,1.0,0.9597125177127023,0.01985851191868499,0.961346553186511,0.019683665342836533
sylvine,C2,DT,random_3,log_loss,20,1.0,0.9332033586381412,0.020865007354844495,0.9350118017309205,0.01916350324124917
sylvine,C2,KNN,random_3,log_loss,20,1.0,0.859674488152749,0.03306803534048497,0.8570089168633622,0.0337441581601427
sylvine,C2,LR,random_3,log_loss,20,1.0,0.9542880147227972,0.014635647774378643,0.9536847626540782,0.01439394711530778
volkert,C2,DT,random_3,log_loss,180,1.0,0.4068549143844514,0.01154876707391601,0.4649105312639675,0.011384369314401484
volkert,C2,KNN,random_3,log_loss,180,1.0,0.5445973455102849,0.020586191449434178,0.5985574033259867,0.009225741896245074
volkert,C2,LR,random_3,log_loss,180,1.0,0.4640602273544793,0.02045717830451846,0.5603036234452784,0.011207880639120205
adult,C3,DT,random_4,log_loss,14,1.0,0.6680212626118803,0.006000746281700756,0.7168659061552758,0.005848288415398398
adult,C3,KNN,random_4,log_loss,14,1.0,0.7018131292574503,0.008351387003994569,0.7569567119401324,0.0069197901070020985
adult,C3,LR,random_4,log_loss,14,1.0,0.7179472463702681,0.007598378162878671,0.7858551870345492,0.005066386433551484
anneal,C0,DT,random_4,log_loss,32,1.0,1.0,0.0,1.0,0.0
anneal,C0,KNN,random_4,log_loss,32,1.0,0.9333333333333333,0.14054567378526128,0.9866666666666667,0.028109134757052217
anneal,C0,LR,random_4,log_loss,32,1.0,0.9333333333333333,0.14054567378526128,0.9866666666666667,0.028109134757052217
australian,C0,DT,random_4,log_loss,14,1.0,0.8218137254901962,0.05615462230529508,0.8373188405797102,0.04213054806335366
australian,C0,KNN,random_4,log_loss,14,1.0,0.8502888655462184,0.10872598963388636,0.8934782608695653,0.07231163579586793
australian,C0,LR,random_4,log_loss,14,1.0,0.9041228991596639,0.0826094459955268,0.9233695652173914,0.05531908558445582
jasmine,C1,DT,random_4,log_loss,144,1.0,0.7531444169885819,0.03371340003544888,0.7772614421416235,0.02933196531313612
jasmine,C1,KNN,random_4,log_loss,144,1.0,0.7866592532446335,0.026398996141843253,0.7866229490500863,0.02542643792565997
jasmine,C1,LR,random_4,log_loss,144,1.0,0.8032463843986937,0.02272663114136542,0.8141029792746114,0.02511669135228644
kr-vs-kp,C0,DT,random_4,log_loss,36,1.0,0.9950184372531137,0.004112568334168093,0.9946374776988096,0.004497827287000871
kr-vs-kp,C0,KNN,random_4,log_loss,36,1.0,0.9446578516056887,0.012918770510383365,0.9360796700886198,0.014691605102105596
kr-vs-kp,C0,LR,random_4,log_loss,36,1.0,0.9597125177127023,0.01985851191868499,0.961346553186511,0.019683665342836533
sylvine,C2,DT,random_4,log_loss,20,1.0,0.9332033586381412,0.020865007354844495,0.9350118017309205,0.01916350324124917
sylvine,C2,KNN,random_4,log_loss,20,1.0,0.859674488152749,0.03306803534048497,0.8570089168633622,0.0337441581601427
sylvine,C2,LR,random_4,log_loss,20,1.0,0.9542880147227972,0.014635647774378643,0.9536847626540782,0.01439394711530778
volkert,C2,DT,random_4,log_loss,180,1.0,0.4068549143844514,0.01154876707391601,0.4649105312639675,0.011384369314401484
volkert,C2,KNN,random_4,log_loss,180,1.0,0.5445973455102849,0.020586191449434178,0.5985574033259867,0.009225741896245074
volkert,C2,LR,random_4,log_loss,180,1.0,0.4640602273544793,0.02045717830451846,0.5603036234452784,0.011207880639120205
