dataset,model,architecture_name,fs_method,fs_percent,fs_n_features,balanced_accuracy_mean,balanced_accuracy_std,accuracy_mean,accuracy_std,log_loss_mean,log_loss_std,roc_auc_mean,roc_auc_std,f1_mean,f1_std,precision_mean,precision_std,recall_mean,recall_std,inference_time_mean,inference_time_std,training_time_mean,training_time_std
adult,transformer,A0,decision_tree,0.3,4,0.5809349577041107,0.06183664975552532,0.7596542125204347,0.024646816176123475,0.5680078793843312,0.0573742190062296,0.5809349577041107,0.0618366497555253,0.852048303752953,0.029850563968648002,0.7979149368339609,0.0376692884048521,0.9245365820748882,0.10337253318617802,0.5179657459259033,0.009570900539855652,252.1143406239109,16.46289898218414
adult,transformer,A0,decision_tree,0.4,5,0.6607531946279883,0.033529925657740225,0.7841735906859434,0.010733348232115409,0.4806645525643124,0.026865404631413153,0.6607531946279883,0.033529925657740225,0.863260576223771,0.010018550549167456,0.8324311329506123,0.01858824080187572,0.89803972258931,0.03998891656683243,0.5122087955474853,0.00877856128924813,252.1143406239109,16.46289898218414
adult,transformer,A0,decision_tree,0.5,7,0.7605187847493287,0.011912781893319551,0.8198756599577411,0.007367374586842761,0.38120036892015313,0.00997908091967845,0.7605187847493287,0.011912781893319615,0.8806193896035841,0.006374662449028634,0.8870448593687044,0.009427211529392656,0.8746375694986572,0.019392099241562995,0.511650800704956,0.01096261720337519,252.1143406239109,16.46289898218414
adult,transformer,A0,decision_tree,0.6,8,0.7539457063988938,0.014477893684173246,0.823254158873921,0.006155589086208502,0.3729993134397504,0.00879698217623639,0.7539457063988937,0.01447789368417325,0.8841161402164925,0.0043864020964548105,0.8812369422512395,0.009102279815032545,0.8871980794644543,0.012488291838038224,0.5352077007293701,0.019800248125490978,252.1143406239109,16.46289898218414
adult,transformer,A0,decision_tree,0.7,9,0.7481677498337476,0.010543382879184373,0.8317254477543383,0.005985570312264028,0.363341681915485,0.010179463442316496,0.7481677498337475,0.010543382879184377,0.8914260378164116,0.0036689405623022173,0.8747011303611251,0.005397431669483198,0.908815499667495,0.0031700828077358798,0.5345412254333496,0.009733324747536418,252.1143406239109,16.46289898218414
adult,transformer,A0,decision_tree,0.8,11,0.7596154947692109,0.01829512464662284,0.8342591450848348,0.006445247527388896,0.3533903822839095,0.007544771565240285,0.7596154947692109,0.018295124646622828,0.8922660875910656,0.004341838929751937,0.8819245184953306,0.011460159984225666,0.9031243228717551,0.014417863321781335,0.5336180686950683,0.008901060889553995,252.1143406239109,16.46289898218414
adult,transformer,A0,decision_tree,0.9,12,0.7589829645390311,0.0222643406389123,0.8364600473484523,0.0027780790618188627,0.34775175601765945,0.0040824210941379675,0.7589829645390311,0.022264340638912312,0.8940467707287147,0.0018317586280260471,0.881024530471174,0.01482324688653643,0.9079392624113958,0.017661950439210802,0.5314598083496094,0.012656116569898878,252.1143406239109,16.46289898218414
adult,transformer,A0,f_classif,0.3,4,0.6586234491970273,0.052115174444781955,0.7837642003189642,0.023622989790433518,0.5131641999936777,0.041115991818281676,0.6586234491970273,0.052115174444781955,0.8624528019092773,0.02221145135709448,0.8330882888511528,0.03021261307755052,0.8992202317273879,0.07717032371614366,0.510759973526001,0.010103958017981198,252.1143406239109,16.46289898218414
adult,transformer,A0,f_classif,0.4,5,0.7050507948656459,0.02805515987353558,0.8085122410176069,0.012855985139522587,0.43381569521789115,0.015838410703281677,0.7050507948656458,0.028055159873535525,0.8774077685801386,0.011888185105252375,0.8538678484303844,0.01880544679807521,0.9039682563979584,0.041857270487018615,0.5225447654724121,0.010074857807921483,252.1143406239109,16.46289898218414
adult,transformer,A0,f_classif,0.5,7,0.7066257825263921,0.014694145961041235,0.8236123819952736,0.00894878492442304,0.4024716706342102,0.011171433140697773,0.7066257825263921,0.014694145961041225,0.889080257687312,0.008398184399491589,0.8509918704090105,0.010927555329066018,0.9315448983861174,0.030253962566094417,0.5141801357269287,0.009155677842047443,252.1143406239109,16.46289898218414
adult,transformer,A0,f_classif,0.6,8,0.6961848354114191,0.019941613933651636,0.8236636212936048,0.009554754076985611,0.3992813542283549,0.006118932686016348,0.6961848354114191,0.019941613933651636,0.8900725691040808,0.009359212831107194,0.8451328089966349,0.013948979578742166,0.9412763374895047,0.03624686118638833,0.5398544311523438,0.023002317415146835,252.1143406239109,16.46289898218414
adult,transformer,A0,f_classif,0.7,9,0.7445707918268956,0.036288631023769495,0.8433448994299813,0.009988850618654337,0.3380420918002241,0.0131275064545003,0.7445707918268956,0.036288631023769495,0.9003792444574552,0.010168138016226631,0.870876848820559,0.026691524718077425,0.9344749169871245,0.04669164859321484,0.5346174240112305,0.01997409382799306,252.1143406239109,16.46289898218414
adult,transformer,A0,f_classif,0.8,11,0.7788236262609255,0.01320136428766721,0.8545801464340215,0.005165013991341355,0.31547344472821737,0.009191983119483283,0.7788236262609255,0.013201364287667295,0.9061699548142761,0.0046948944119264155,0.8889485423003363,0.010530943593695838,0.9244739191885175,0.019480242498283003,0.5327925682067871,0.01304878416101007,252.1143406239109,16.46289898218414
adult,transformer,A0,f_classif,0.9,12,0.7869834859795122,0.009681811128067083,0.858163137476069,0.004370107264379928,0.30540550176654413,0.007297789580445648,0.7869834859795122,0.009681811128067108,0.9082446787380212,0.0034823751883171134,0.8933272979905373,0.007096471599994225,0.9238336386256911,0.012579071104596105,0.5354434013366699,0.01094118988948368,252.1143406239109,16.46289898218414
adult,transformer,A0,linear_model,0.3,4,0.6157894486879232,0.029465549300482296,0.7967137088949554,0.010138745088926069,0.5421925800107744,0.051290725355390906,0.6157894486879232,0.029465549300482178,0.8778521601509379,0.010431146771227272,0.8073844224080716,0.01605469657252193,0.9636322307091797,0.04442263625880598,0.5939732074737549,0.17686918851872527,252.1143406239109,16.46289898218414
adult,transformer,A0,linear_model,0.4,5,0.6214191377772789,0.034316016600967156,0.7962276053234503,0.008895013533565812,0.529239171731303,0.06764385116464475,0.6214191377772789,0.0343160166009672,0.8768860284672944,0.010134982651870517,0.8103267071251041,0.017844615085044556,0.9575049422212244,0.047699407920294375,0.5160211563110352,0.0124471882411234,252.1143406239109,16.46289898218414
adult,transformer,A0,linear_model,0.5,7,0.6452335568515599,0.027145823737487577,0.8104574708092386,0.003934009116029536,0.482109287146646,0.022348935465614787,0.6452335568515599,0.027145823737487577,0.8853209906998298,0.002965788520436096,0.8197882608935553,0.013346123546379585,0.9628937803697865,0.02269035743726832,0.5164746284484864,0.00793121859957729,252.1143406239109,16.46289898218414
adult,transformer,A0,linear_model,0.6,8,0.6485988787918473,0.03212443250213845,0.8132984827501731,0.008210063814205892,0.46634958438288204,0.01873496721847748,0.6485988787918473,0.0321244325021384,0.8870979973622592,0.004953429442903148,0.8212026341876026,0.015510152766037249,0.965251090917028,0.024155589741636254,0.521126127243042,0.010368069932489381,252.1143406239109,16.46289898218414
adult,transformer,A0,linear_model,0.7,9,0.6917459140997447,0.029338042832011354,0.8326720106847609,0.006496643483348999,0.379674757374059,0.03920548756541114,0.6917459140997447,0.02933804283201137,0.8974208628891397,0.0022655580949337275,0.8407910386360022,0.015209651926515286,0.9626918281994895,0.014912698891432213,0.527808427810669,0.008456732270913103,252.1143406239109,16.46289898218414
adult,transformer,A0,linear_model,0.8,11,0.7392973855522162,0.017105801661295758,0.8446498066613053,0.004269794563100295,0.3391739306978563,0.007223266966920066,0.7392973855522162,0.01710580166129574,0.9020943918002331,0.003217034668927107,0.8658307869951913,0.010442279163823684,0.941848104437766,0.016167027286797083,0.5329415321350097,0.009279910022656835,252.1143406239109,16.46289898218414
adult,transformer,A0,linear_model,0.9,12,0.7684329773346644,0.011920348971122121,0.8540426529085302,0.005244208317117484,0.31689254390050314,0.006805136329478981,0.7684329773346644,0.01192034897112208,0.9066739064304443,0.0038312481452038587,0.8819292205908796,0.007745626764605307,0.9330259546693289,0.012981271600649227,0.5273657321929932,0.005445108098252396,252.1143406239109,16.46289898218414
adult,xgboost,A5,decision_tree,0.3,4,0.5722273741512334,0.030705854066081287,0.7871928544677835,0.008154972837485789,0.43380224261626504,0.007171135934110723,0.5722273741512334,0.030705854066081274,0.87565262129239,0.00287942944020699,0.7880644690457359,0.012717130606589376,0.9855214149691335,0.013130556136961583,0.005373907089233398,0.0008253614819338469,0.21189408302307128,0.006864867385701152
adult,xgboost,A5,decision_tree,0.4,5,0.6813131757605239,0.007011792980210914,0.8157041162236325,0.004270541039166594,0.3908551674086965,0.005536268367110517,0.6813131757605239,0.007011792980210914,0.8857265667260064,0.0025938445666811366,0.8376277539015025,0.0032103887604279452,0.9396930181877142,0.00316362591666262,0.00540308952331543,0.0007749358543907194,0.2366941452026367,0.011851833143321205
adult,xgboost,A5,decision_tree,0.5,7,0.7524227615550465,0.008064476974486898,0.843242319304508,0.003961060903028755,0.334322565246642,0.004433651640667844,0.7524227615550465,0.008064476974486878,0.899900918645557,0.002323262715015993,0.8743223419049683,0.004225935513138395,0.9270321897767596,0.0018202003668960271,0.005143499374389649,0.0003069481845636993,0.26038780212402346,0.017295653713170166
adult,xgboost,A5,decision_tree,0.6,8,0.7517350209736133,0.006977089570714896,0.8431400110142384,0.00444731104182791,0.33454227182120777,0.0053020729441645795,0.7517350209736133,0.00697708957071492,0.8998819293103717,0.0027882803927397537,0.873891760100428,0.003390328298834399,0.9274700419472266,0.002947935305574602,0.0043529033660888675,0.0005658494075523951,0.25677313804626467,0.024209117398833108
adult,xgboost,A5,decision_tree,0.7,9,0.7540450773208881,0.006004342925611161,0.8445987573201045,0.0037579562798893892,0.3335550598343938,0.0047634671349731355,0.7540450773208881,0.006004342925611161,0.9007848173421461,0.002371094919109862,0.8749983322177719,0.0029889275709825336,0.9281434879751094,0.0029719240005399916,0.005010414123535156,0.001055722507992012,0.27049102783203127,0.014267683800689547
adult,xgboost,A5,decision_tree,0.8,11,0.7616831294365897,0.004297290157522141,0.8477210728451207,0.0027123266639535524,0.32671938667545064,0.005849232058500158,0.7616831294365898,0.004297290157522151,0.9024847675447877,0.0017243806058851424,0.8791464126681101,0.0021553638097556263,0.9270995922065126,0.002263176196942603,0.0047512054443359375,0.0008499903393361628,0.2804561614990234,0.014222754633810234
adult,xgboost,A5,decision_tree,0.9,12,0.7636761147309657,0.004525843006791149,0.848642332175741,0.0021531061843630757,0.323775593877946,0.0048830834034039984,0.7636761147309657,0.0045258430067912315,0.9030118595931249,0.0012924289614762948,0.8802102308147429,0.0024665053723451056,0.9270322294619314,0.0018528703500101126,0.0044501304626464845,0.00043289419863052665,0.2855369091033936,0.01690633707869485
adult,xgboost,A5,f_classif,0.3,4,0.6669721148398164,0.058249814605311305,0.8136566239934524,0.005042681606904981,0.3938095857892755,0.007247940316846078,0.6669721148398164,0.058249814605311305,0.8855101582905561,0.0031542641006052884,0.832160474529242,0.029633133978754507,0.9489842296796329,0.04567166987261622,0.005258607864379883,0.00042361877404436545,0.21588335037231446,0.006368435439915886
adult,xgboost,A5,f_classif,0.4,5,0.7239157928275288,0.007160437614976117,0.8346941894897701,0.003441471324503477,0.357530665692697,0.006950683009916224,0.7239157928275288,0.007160437614976125,0.8960015598152294,0.0021543316087213734,0.8585480380311349,0.0038114829037645143,0.9368982523217243,0.004772444296329599,0.005149459838867188,0.0005605483850093425,0.22948317527770995,0.011988544646041831
adult,xgboost,A5,f_classif,0.5,7,0.7349967496937155,0.006002179039345489,0.8435494374075698,0.0036731499929717527,0.3449350475024791,0.0052935526295435145,0.7349967496937155,0.006002179039345546,0.9016620028066864,0.0024345491936755533,0.8632296274016127,0.0031763309995822124,0.9437001660540977,0.005395814925922904,0.005592632293701172,0.0017337367064352142,0.2568528652191162,0.011502347559487421
adult,xgboost,A5,f_classif,0.6,8,0.7358893259700332,0.0075372215865595485,0.8442405407489977,0.005397745313163781,0.34430657633536954,0.006865985585060463,0.7358893259700332,0.007537221586559529,0.9021008247665769,0.003494282013325421,0.8636068012542493,0.0036015714328720165,0.944205318606733,0.005779279117949546,0.005515289306640625,0.00036938045882206345,0.2866678237915039,0.019719286876104247
adult,xgboost,A5,f_classif,0.7,9,0.7801704516682796,0.004688960581357207,0.8638959355888123,0.0030928964663060506,0.299456863693856,0.007324244224251955,0.7801704516682796,0.004688960581357207,0.91313044647821,0.001960360796416902,0.8867412116168302,0.002272650832015831,0.9411409033365592,0.002242052082986905,0.005017518997192383,0.0005875830598087473,0.28900895118713377,0.010398693428612403
adult,xgboost,A5,f_classif,0.8,11,0.7830562542526913,0.007189069580034797,0.8648429701369379,0.004465621311057733,0.29629208154039977,0.006996973722088716,0.7830562542526913,0.007189069580034768,0.9136136908790602,0.002784693018188956,0.8884039567046361,0.003533269580422421,0.9402991751720494,0.002439471220759826,0.005413246154785156,0.001284017733004548,0.2916139602661133,0.01635447903283628
adult,xgboost,A5,f_classif,0.9,12,0.7853611998755019,0.007469299851855798,0.8647405996193325,0.004333026519370008,0.2914135213875777,0.006562498250558007,0.7853611998755019,0.007469299851855794,0.9133594065158693,0.0026595295584995494,0.8900049240455237,0.0037474532016579898,0.9379757330843372,0.0015989178230938512,0.005982589721679687,0.0026513523267145006,0.2939109802246094,0.012940242486861899
adult,xgboost,A5,linear_model,0.3,4,0.656045394802263,0.006050003424256428,0.8149100528424711,0.01385107547353014,0.4133241570889771,0.025754600087172654,0.6560453948022629,0.006050003424256428,0.8874328987490359,0.010798321301639848,0.8243801380115915,0.0045675443483169514,0.9614774562711925,0.029807375372517264,0.005214786529541016,0.0019635881595285194,0.196807336807251,0.050497959235244486
adult,xgboost,A5,linear_model,0.4,5,0.6612387245412535,0.007463435289373814,0.8170342812030379,0.012836229743922931,0.40967421859784514,0.02719637715891999,0.6612387245412535,0.007463435289373814,0.8886064486122447,0.008905756357234099,0.8266144676980117,0.002199252340185723,0.9607707824158405,0.01822186673483835,0.004612922668457031,0.0015922677929799368,0.20109810829162597,0.04765683968931393
adult,xgboost,A5,linear_model,0.5,7,0.6777554297195449,0.010364559966858986,0.8256086382022458,0.005385995374834837,0.3939497404387069,0.009012247241774591,0.6777554297195449,0.010364559966858986,0.8934594638569335,0.003079729633478204,0.8340352594709936,0.004714120206728756,0.9620175261057564,0.0030617906774993912,0.004684638977050781,0.0013709988397322052,0.25245842933654783,0.02341458554490146
adult,xgboost,A5,linear_model,0.6,8,0.6852786323129142,0.019606693208522225,0.8278351977789427,0.006806600306642345,0.38812756564137424,0.014405480743729064,0.6852786323129142,0.019606693208522177,0.8944318670360059,0.003314573615229965,0.8378298485667768,0.009596171196222782,0.9593572646258284,0.005936393116428087,0.004189014434814453,0.0007041400203792702,0.23778829574584961,0.028433671444739853
adult,xgboost,A5,linear_model,0.7,9,0.7427042981422237,0.018463635335236116,0.8487187899206783,0.006745017581933721,0.3310160357588427,0.022795442893097782,0.7427042981422237,0.018463635335236196,0.9048826112282937,0.0034893499548669434,0.8668341488083214,0.00967448365943282,0.9465285962844474,0.0052579340681080415,0.0049053668975830075,0.0006707544466991958,0.27272396087646483,0.009837794599759872
adult,xgboost,A5,linear_model,0.8,11,0.776147914731306,0.006194629056243613,0.8620531909440885,0.003043594728912556,0.3022458414234993,0.007314698800518875,0.776147914731306,0.006194629056243692,0.9120743877473221,0.0017851180283987192,0.884605211076979,0.003234675389620546,0.9413091627959451,0.0005018151963071459,0.004875707626342774,0.0006061988802065052,0.28603191375732423,0.011174806398430756
adult,xgboost,A5,linear_model,0.9,12,0.7861832661236601,0.007500928438194726,0.8663785606522472,0.00493675399113296,0.29256266198432024,0.006940010273343334,0.7861832661236601,0.007500928438194744,0.9145165668871822,0.003109640813946497,0.8900512077318325,0.0035889641850888436,0.9403665322473203,0.0027806308443674333,0.00570068359375,0.00099668146753209,0.3082648754119873,0.01904302107309302
jasmine,transformer,A18,decision_tree,0.3,43,0.743908791497444,0.0429604156445933,0.74403831478119,0.04472776128194757,0.561826658977543,0.08531512588920573,0.743908791497444,0.04296041564459329,0.7388903863748346,0.08777663629761749,0.7601717131101138,0.05094183618251286,0.745679012345679,0.17561942351776821,0.058862924575805664,0.002024016350321466,60.01117957756672,9.957357338318591
jasmine,transformer,A18,decision_tree,0.4,57,0.7671199477346049,0.02689555979547599,0.7691516889906407,0.025529579606379717,0.49800690349537946,0.07092439558877897,0.7671199477346049,0.026895559795475983,0.7939929016702504,0.018645425218031385,0.7332872153976087,0.05076921209244032,0.8757201646090534,0.08584957899855339,0.058408260345458984,0.0005132074969527193,60.01117957756672,9.957357338318591
jasmine,transformer,A18,decision_tree,0.5,72,0.7600236406619386,0.03269615671016209,0.76163171144619,0.034240045778597135,0.4963423999330012,0.06002122558105545,0.7600236406619386,0.03269615671016208,0.7774667148629097,0.062307360449406504,0.7362309702715008,0.038980113838510064,0.8444444444444444,0.1559013727414199,0.07565851211547851,0.0008033264049139729,60.01117957756672,9.957357338318591
jasmine,transformer,A18,decision_tree,0.6,86,0.7817892142005617,0.015987442923176977,0.7838179697025517,0.01467032316307253,0.4804843605942346,0.03833723572070858,0.7817892142005618,0.01598744292317705,0.8075874018946285,0.0049514150320739275,0.7417088662359419,0.03754326379852796,0.891358024691358,0.05773062688642035,0.07291979789733886,0.0032325509578675408,60.01117957756672,9.957357338318591
jasmine,transformer,A18,decision_tree,0.7,100,0.7888915156291043,0.009381269823692074,0.7909432207924353,0.008786636755003628,0.4530021533054655,0.03634973247236114,0.7888915156291043,0.009381269823692192,0.8144015923288428,0.005757078902000621,0.7438080195636518,0.01991179476422742,0.9012345679012345,0.03214094516834012,0.08515257835388183,0.0016362502712011665,60.01117957756672,9.957357338318591
jasmine,transformer,A18,decision_tree,0.8,115,0.8031912873047625,0.006869007969319662,0.8051928458023034,0.00618412819493412,0.4257435853477335,0.043435459064936635,0.8031912873047625,0.0068690079693196696,0.8267516434094796,0.004007334190676554,0.7562122156083977,0.020714441452115897,0.9135802469135802,0.036228018233866253,0.17715048789978027,0.18914545639551486,60.01117957756672,9.957357338318591
jasmine,transformer,A18,decision_tree,0.9,129,0.803006809318866,0.010991966807463862,0.8051875827829094,0.010742096256995202,0.4180442014427145,0.032494167583652284,0.803006809318866,0.010991966807463862,0.828334362766564,0.008964412912768161,0.7513763045978046,0.01444586796416168,0.9234567901234568,0.022838579301253673,0.11579465866088867,0.010212042888582563,60.01117957756672,9.957357338318591
jasmine,transformer,A18,f_classif,0.3,43,0.6868021121685425,0.05134760961708843,0.6858284431111461,0.05451604130270557,0.7581309699568837,0.2828863215279436,0.6868021121685425,0.05134760961708849,0.6513705763273838,0.1198782401991443,0.731371290661785,0.03585418280900729,0.6263374485596709,0.2367668212893562,0.05829319953918457,0.0019954885733059037,60.01117957756672,9.957357338318591
jasmine,transformer,A18,f_classif,0.4,57,0.7398446855657258,0.05610097816860176,0.7402945536520968,0.059022075273091966,0.6342991805771243,0.3036170861268747,0.7398446855657258,0.05610097816860171,0.7308975355540224,0.12749832423175567,0.7506329266255367,0.043976021314910144,0.757201646090535,0.23091150678310243,0.060233688354492186,0.0031294530235497996,60.01117957756672,9.957357338318591
jasmine,transformer,A18,f_classif,0.5,72,0.763920376095317,0.023578777800491627,0.7649781146110189,0.0242278926289954,0.5240257147696132,0.08293370421203553,0.763920376095317,0.023578777800491592,0.7778175443727168,0.03882894741287636,0.7491138768089687,0.035741134805329824,0.8189300411522634,0.10762713440841169,0.0750664234161377,0.00045106935160317427,60.01117957756672,9.957357338318591
jasmine,transformer,A18,f_classif,0.6,86,0.7611315862143285,0.043671324482466634,0.7624729173793672,0.04574092839799934,0.5159465275303614,0.10162536587548096,0.7611315862143285,0.043671324482466634,0.7722948181662359,0.0833788827393182,0.7433486293580953,0.03864328929527625,0.8312757201646089,0.18281519573038002,0.07690138816833496,0.0070598440044624955,60.01117957756672,9.957357338318591
jasmine,transformer,A18,f_classif,0.7,100,0.7781859327958619,0.024369659011241697,0.780480338236713,0.025576007606848333,0.48005563967446657,0.05473343857653549,0.7781859327958618,0.024369659011241683,0.8034084379640694,0.04508493889240724,0.7367753097666239,0.04183577016718125,0.9012345679012345,0.13750645635064707,0.0897829532623291,0.007283782248186309,60.01117957756672,9.957357338318591
jasmine,transformer,A18,f_classif,0.8,115,0.792262835667091,0.014348714215363738,0.7947159285281966,0.013438347346002511,0.4493281800395554,0.02969257536949923,0.792262835667091,0.01434871421536377,0.8206555709812434,0.013596933622930124,0.7418502960641561,0.03932828028505694,0.9259259259259259,0.07851351451991323,0.09597606658935547,0.006341387019716306,60.01117957756672,9.957357338318591
jasmine,transformer,A18,f_classif,0.9,129,0.7982986805681841,0.013268047002604326,0.8005833179828601,0.012923587212933345,0.42701987442837963,0.02553706572138124,0.7982986805681841,0.013268047002604326,0.8246183676119243,0.014165663717136068,0.7477522738219892,0.028941605492693416,0.9234567901234568,0.06149475674903087,0.12511463165283204,0.009126464887123988,60.01117957756672,9.957357338318591
jasmine,transformer,A18,linear_model,0.3,43,0.7668735729728637,0.022753465417057507,0.7691508118207415,0.023386621139811267,0.5088947831797299,0.046595006026437624,0.7668735729728638,0.022753465417057448,0.7960167699439855,0.03354376350418986,0.7224834990376563,0.026259444377786247,0.8938271604938273,0.09613260329909101,0.059268522262573245,0.003658268765315738,60.01117957756672,9.957357338318591
jasmine,transformer,A18,linear_model,0.4,57,0.7577053066887582,0.012638050172695262,0.7591045849670623,0.013818209112360832,0.5007195327733158,0.04444736268286958,0.7577053066887582,0.012638050172695354,0.7763119778097007,0.034151646568130085,0.7367040073963327,0.03814265663253063,0.8337448559670781,0.11925639077852287,0.058910465240478514,0.0008391441831526884,60.01117957756672,9.957357338318591
jasmine,transformer,A18,linear_model,0.5,72,0.773209270372391,0.01605957060943725,0.7750217099550012,0.015457368458302262,0.47134607549306845,0.039610428592744266,0.773209270372391,0.01605957060943725,0.7969316796973694,0.01864251567224366,0.7396636243668502,0.03777449505848647,0.8716049382716049,0.0847077133703414,0.07534737586975097,0.0005812838927061043,60.01117957756672,9.957357338318591
jasmine,transformer,A18,linear_model,0.6,86,0.7754031372707495,0.02948979109244897,0.7766830697437787,0.030592815368801658,0.4734091249216158,0.07274299797552582,0.7754031372707495,0.029489791092448935,0.7918501706841353,0.04403247471483436,0.7498109241754043,0.024469433906169465,0.8477366255144032,0.11205966093983624,0.15740699768066407,0.18414797829307566,60.01117957756672,9.957357338318591
jasmine,transformer,A18,linear_model,0.7,100,0.7861660369225382,0.029016802575028772,0.7880003157811637,0.02943378876904503,0.4455837225325032,0.05548514961727207,0.7861660369225381,0.029016802575028904,0.8091510434148294,0.033144198100989966,0.745167853756041,0.02149761611179475,0.8880658436213992,0.07206935153618052,0.087223482131958,0.006697000839093846,60.01117957756672,9.957357338318591
jasmine,transformer,A18,linear_model,0.8,115,0.7938272278461403,0.019961696770688715,0.7963843056761665,0.01944809443284335,0.4287449606504901,0.03771148297416084,0.7938272278461403,0.019961696770688705,0.8239530650368814,0.013676157909730981,0.7369067899605326,0.022918214176086853,0.9349794238683128,0.015507361054664015,0.17519869804382324,0.18616982113154265,60.01117957756672,9.957357338318591
jasmine,transformer,A18,linear_model,0.9,129,0.8079669030732861,0.005254547303985595,0.8102190293237899,0.004961050510992265,0.41682420406137205,0.030593644163142905,0.8079669030732861,0.0052545473039855885,0.8334986227307555,0.0038357869100218824,0.7533031883916291,0.011451732883967522,0.9333333333333333,0.020452302287718813,0.10750007629394531,0.010158663321750324,60.01117957756672,9.957357338318591
jasmine,xgboost,A5,decision_tree,0.3,43,0.7995612670317163,0.027197761514175408,0.8014122435374509,0.027250440130685068,0.42863038445900575,0.036253141379915074,0.7995612670317161,0.027197761514175408,0.8220748081300187,0.025391950194632012,0.7552463422508604,0.020323615704257166,0.9020576131687242,0.03484602984364863,0.0008301258087158204,0.0001425130379147272,0.05956058502197266,0.007416331574034588
jasmine,xgboost,A5,decision_tree,0.4,57,0.8086744391236117,0.0182398573258502,0.8106277904967414,0.018166029512796444,0.4146657475136862,0.02518859180967091,0.8086744391236117,0.0182398573258502,0.8312510872948738,0.016953387817325256,0.7607109866774812,0.017334029481517518,0.9168724279835392,0.03125947162935465,0.0008361339569091797,0.00011142364182168852,0.06719050407409669,0.015049491527547481
jasmine,xgboost,A5,decision_tree,0.5,72,0.8048830427081018,0.013530657540620737,0.8068612229502733,0.013448975024248995,0.4157235135193842,0.026701309389885176,0.8048830427081018,0.013530657540620761,0.8281084789754345,0.012648702101256862,0.7570467201968356,0.013409136721592232,0.91440329218107,0.02609196293686807,0.0009588718414306641,0.00021725358452780988,0.07463512420654297,0.006609529569264048
jasmine,xgboost,A5,decision_tree,0.6,86,0.8077953567315269,0.012938845856515937,0.8097918475829584,0.012720785650376723,0.41375552290767625,0.021085762588924868,0.8077953567315269,0.012938845856515948,0.8309946094064429,0.010585259036984233,0.7588186233669207,0.013109185730669791,0.9185185185185185,0.014076239816038703,0.0008692264556884766,0.00010221018667725108,0.07895612716674805,0.01495482128422979
jasmine,xgboost,A5,decision_tree,0.7,100,0.8151272621958201,0.008177478436526798,0.8173407717340773,0.008121890835710365,0.4114802606377019,0.020968442763074312,0.8151272621958201,0.008177478436526832,0.8393068208490437,0.007718554254935791,0.7600243828304867,0.00975874688613202,0.9374485596707819,0.021064171015752628,0.0008694648742675782,9.393894730718862e-05,0.07643580436706543,0.0030130408212346886
jasmine,xgboost,A5,decision_tree,0.8,115,0.8142530965226001,0.01147791695794323,0.816501320140698,0.011243519062138588,0.40782438322592995,0.021790085199205663,0.8142530965226001,0.01147791695794326,0.8388420739226756,0.00927625966336057,0.7588899288623564,0.015185431812541488,0.9382716049382716,0.02346039969339786,0.0010064125061035156,0.00040413789650970474,0.08521614074707032,0.014540385252051714
jasmine,xgboost,A5,decision_tree,0.9,129,0.8135164642729654,0.007852828771644362,0.815663622887117,0.007542425852972094,0.4059752523216728,0.01751520677059958,0.8135164642729654,0.007852828771644373,0.8374338021446144,0.0049297145656690845,0.7600804119398767,0.011122018234499674,0.9325102880658436,0.0080220529586905,0.0010313987731933594,0.00030167313947114386,0.09909543991088868,0.021098176886746055
jasmine,xgboost,A5,f_classif,0.3,43,0.7812514059795383,0.019984325930169827,0.7833951738112155,0.019719089878453968,0.4374826995954023,0.024532498164829154,0.7812514059795383,0.019984325930169845,0.8088188919559164,0.0168641830866907,0.7349063717556816,0.0218824485670609,0.9004115226337449,0.034602177793543916,0.0007913112640380859,6.34049994520289e-05,0.05119514465332031,0.005763243544754945
jasmine,xgboost,A5,f_classif,0.4,57,0.8055325210644361,0.017097692879220524,0.8077006745436524,0.017154287971079096,0.4203849681409462,0.027247764580513437,0.8055325210644361,0.017097692879220524,0.83042531579817,0.016696518362585233,0.753135280423491,0.013451080113773287,0.9259259259259259,0.03227240152542823,0.0008203506469726563,9.45135574090437e-05,0.056551456451416016,0.007806005494735458
jasmine,xgboost,A5,f_classif,0.5,72,0.8096988678076148,0.01816886207392529,0.8118953010008509,0.017905877686789844,0.40618971249397307,0.02382648993059785,0.8096988678076148,0.018168862073925318,0.834596420226925,0.014194889884353355,0.7560952856682539,0.02026949111195065,0.9316872427983538,0.01609679606222876,0.0008214950561523437,9.946921984472906e-05,0.07136831283569336,0.023777296732074158
jasmine,xgboost,A5,f_classif,0.6,86,0.8199054373522457,0.009720771645571532,0.8219494223836215,0.00977613408151404,0.3956517290961439,0.01735074996829036,0.8199054373522457,0.009720771645571521,0.8421321362233648,0.009531418968576831,0.7672997783390977,0.007659534652953859,0.9333333333333332,0.0191700653479047,0.0009129047393798828,0.0001014415720406654,0.07510972023010254,0.01733569037890474
jasmine,xgboost,A5,f_classif,0.7,100,0.8173200514571672,0.01700430101413768,0.819429313263686,0.01664931620635686,0.3965302116998561,0.018454524166764838,0.8173200514571674,0.017004301014137704,0.8405519484181363,0.012601836098719881,0.7641864041558255,0.019674916296509103,0.934156378600823,0.007698883511880521,0.0010490894317626953,0.00022603881941264976,0.09287371635437011,0.024362754801081774
jasmine,xgboost,A5,f_classif,0.8,115,0.8159752278191995,0.010018958769997576,0.8181784689876583,0.009727456562898003,0.39806579630897493,0.013274188170468184,0.8159752278191995,0.01001895876999754,0.8401428299651039,0.0067005949854094474,0.7607245404892348,0.012797335091506457,0.9382716049382716,0.00650674415672507,0.0009199142456054688,0.0002033411805692175,0.08151874542236329,0.011454171249060804
jasmine,xgboost,A5,f_classif,0.9,129,0.8114990604352306,0.010382753862833459,0.8135663096585178,0.010101840607390394,0.4026785756465544,0.014304941685089183,0.8114990604352308,0.010382753862833605,0.8349215806037229,0.007521723744353739,0.7603071599657395,0.012177659464066341,0.9259259259259259,0.007698883511880553,0.0010422229766845702,7.561978116594376e-05,0.09333515167236328,0.016125614993604053
jasmine,xgboost,A5,linear_model,0.3,43,0.7957997076909606,0.024473968991308104,0.7976342727822952,0.024653814955924228,0.42878726889253677,0.0341051630143847,0.7957997076909606,0.024473968991308215,0.818435233344616,0.025026751928012424,0.7522708065960664,0.015023368145832926,0.8979423868312757,0.04329797016481528,0.0007532119750976562,5.833206665276234e-05,0.050870656967163086,0.009892240162702345
jasmine,xgboost,A5,linear_model,0.4,57,0.8002716992315101,0.02641787963974778,0.8022446777716375,0.026182059422159974,0.42311692123032685,0.03431558161050997,0.8002716992315101,0.026417879639747878,0.8240593420692921,0.022304754623206923,0.7536940683465592,0.02521017015082374,0.9094650205761317,0.028953183702613725,0.000830698013305664,7.880435557453419e-05,0.06262645721435547,0.018743064462988224
jasmine,xgboost,A5,linear_model,0.5,72,0.8083511480201787,0.012488737597007945,0.8102120119645975,0.012538697060076712,0.41183223958243875,0.02152256651319657,0.8083511480201787,0.012488737597007957,0.8301588000906523,0.01268090612623301,0.7620981997554005,0.008785329680611919,0.9119341563786009,0.02660613971233683,0.0008650779724121094,4.102067695861804e-05,0.06637825965881347,0.004021678972583529
jasmine,xgboost,A5,linear_model,0.6,86,0.8137380533834435,0.012651337964278954,0.8156618685473189,0.012420830460408518,0.4052543180768847,0.022031131754915712,0.8137380533834435,0.012651337964279046,0.8356934654794468,0.010358891546596983,0.7653030486312392,0.016427513351746775,0.9209876543209876,0.02335186989154096,0.0009737968444824219,0.00018429915006774726,0.08325719833374023,0.02571871513524343
jasmine,xgboost,A5,linear_model,0.7,100,0.8027310015962499,0.011198430739017393,0.8047744357604625,0.011254775863239141,0.40984659240346544,0.020988185549633113,0.8027310015962499,0.011198430739017393,0.8268381894440022,0.010870460113255221,0.7536054139980314,0.008830065512142828,0.9160493827160494,0.020493661889693385,0.0009459495544433594,0.0001173740742807345,0.07795825004577636,0.014630917762470686
jasmine,xgboost,A5,linear_model,0.8,115,0.810663824399049,0.01218471095896561,0.8127286124049368,0.011848847068687595,0.4030801078624247,0.018810572890932263,0.8106638243990488,0.012184710958965644,0.83418645598565,0.008847613488941558,0.759869231366592,0.01645838607918987,0.9251028806584362,0.016817133120742827,0.0008675575256347657,0.0001075145403627526,0.09004602432250977,0.023586883675525257
jasmine,xgboost,A5,linear_model,0.9,129,0.8098480531813864,0.0047776530466006216,0.811897932510548,0.004530867621005955,0.40210682790302255,0.01781050981503753,0.8098480531813866,0.004777653046600629,0.8332828015906534,0.0024513172407827585,0.7593252883580625,0.009701606060560777,0.9234567901234568,0.011855852091265788,0.0009556293487548828,7.59761494738351e-05,0.09540886878967285,0.0119910088126528
kr-vs-kp,transformer,A30,decision_tree,0.3,10,0.9248423857818924,0.04629443394957552,0.9272512536692759,0.04269279154267187,0.29762017868294655,0.0623708425528877,0.9248423857818924,0.04629443394957555,0.9166294286985487,0.053685223032455875,0.9657908646818509,0.02584114669445127,0.8801652892561984,0.11399267953829521,0.06339445114135742,0.006731068102785814,68.71350810826902,26.733303978401754
kr-vs-kp,transformer,A30,decision_tree,0.4,14,0.9332951003785744,0.02893446022118313,0.9342893835616438,0.028330309318040158,0.2683658489772908,0.08330518128912322,0.9332951003785744,0.028934460221183077,0.9291242651017919,0.03201150684238496,0.9476359751544111,0.048275093382879185,0.9148760330578514,0.06195591674046717,0.06272673606872559,0.0016774184945510594,68.71350810826902,26.733303978401754
kr-vs-kp,transformer,A30,decision_tree,0.5,18,0.9606639220867,0.009230369380098845,0.9620497492661448,0.008141393485765714,0.1590000012436477,0.053640308923479554,0.9606639220867,0.00923036938009878,0.9587131050340109,0.009593511440001853,0.9850190485984603,0.01719273978714933,0.9347107438016529,0.03219429947236774,0.06179089546203613,0.0024009471274500822,68.71350810826902,26.733303978401754
kr-vs-kp,transformer,A30,decision_tree,0.6,21,0.9688039571108176,0.007527276769628565,0.9698729513209393,0.006587270680118234,0.13151100969236265,0.05931171598091615,0.9688039571108176,0.007527276769628639,0.967436947991081,0.007613854140641458,0.9876718209723071,0.016077156216526382,0.9487603305785124,0.02796516415816302,0.0633467674255371,0.005604800072014713,68.71350810826902,26.733303978401754
kr-vs-kp,transformer,A30,decision_tree,0.7,25,0.9809103198254938,0.012505239413315916,0.9816092832681017,0.01163025229197085,0.08995879817518826,0.06105984633722441,0.9809103198254938,0.012505239413315931,0.9801504557004485,0.01295325056251776,0.9934888078428749,0.010564091334626382,0.9677685950413224,0.030561755515868726,0.0641148567199707,0.006197920766746096,68.71350810826902,26.733303978401754
kr-vs-kp,transformer,A30,decision_tree,0.8,28,0.9959921963808412,0.0019629736763784405,0.996086870107632,0.001957903216012624,0.021918864055515852,0.010950517654638744,0.9959921963808412,0.001962973676378469,0.9958609243194223,0.0020703969100044875,0.9975138026816639,0.0022695880507368764,0.9942148760330578,0.002263316353327141,0.057700586318969724,0.0023020177115792347,68.71350810826902,26.733303978401754
kr-vs-kp,transformer,A30,decision_tree,0.9,32,0.996446895449937,0.0028297962124492855,0.9964774951076321,0.002902621717062941,0.012537649970069559,0.00842818577226814,0.996446895449937,0.0028297962124492495,0.9962835089904084,0.003051967547109147,0.9967145373255656,0.005344928718867753,0.9958677685950412,0.002921928847878305,0.06521811485290527,0.004664645201687697,68.71350810826902,26.733303978401754
kr-vs-kp,transformer,A30,f_classif,0.3,10,0.9153082702660262,0.02121803702148899,0.9170544887475538,0.01990556622465499,0.5173384119272307,0.1678040452062109,0.9153082702660263,0.021218037021488997,0.9090908179197911,0.025296668798923394,0.9414769618899289,0.040052797309459744,0.8826446280991735,0.062572954484188,0.061963987350463864,0.002120579532510889,68.71350810826902,26.733303978401754
kr-vs-kp,transformer,A30,f_classif,0.4,14,0.9506434287677952,0.01680132530015673,0.9510931384540118,0.015540775557627827,0.2968702246924842,0.07848951269161014,0.9506434287677952,0.0168013253001567,0.9476746165195138,0.017879232438225954,0.9542658466119569,0.00849598303913219,0.9421487603305785,0.0411151833515132,0.06104636192321777,0.0023876881921283456,68.71350810826902,26.733303978401754
kr-vs-kp,transformer,A30,f_classif,0.5,18,0.9559296240539904,0.008622756907160236,0.9561812010763209,0.008141691171469716,0.27403190538893096,0.08412233164320435,0.9559296240539904,0.008622756907160363,0.9535366355653254,0.009004772787390994,0.9561062359919859,0.008761902451421262,0.9512396694214876,0.01990346211370625,0.061132287979125975,0.001776241772773304,68.71350810826902,26.733303978401754
kr-vs-kp,transformer,A30,f_classif,0.6,21,0.9524236621026076,0.0070878463455937854,0.9522711289138943,0.006702937264840284,0.2744560994781394,0.09952608797915383,0.9524236621026076,0.00708784634559385,0.9498325112586663,0.007411691112363396,0.944582732535179,0.009226507679288707,0.9553719008264462,0.017384862783440175,0.06182627677917481,0.0027465380072790764,68.71350810826902,26.733303978401754
kr-vs-kp,transformer,A30,f_classif,0.7,25,0.9609383573256502,0.003006929357528601,0.9600928021037183,0.002984746682101871,0.2673440130154085,0.10307639370809307,0.9609383573256502,0.003006929357528634,0.9586367867737005,0.003084299529835213,0.9410973508186709,0.004111228413217542,0.9768595041322314,0.004711468698756782,0.0633547306060791,0.0037113153285971675,68.71350810826902,26.733303978401754
kr-vs-kp,transformer,A30,f_classif,0.8,28,0.9669222812784828,0.005961806333023211,0.9663496819960861,0.006114026403667719,0.2313222902461561,0.05155851140815679,0.9669222812784828,0.005961806333023121,0.9649425366693485,0.006210856316535437,0.9528050638188761,0.015538136747884852,0.9776859504132231,0.01326182358337287,0.057885169982910156,0.003112287374751974,68.71350810826902,26.733303978401754
kr-vs-kp,transformer,A30,f_classif,0.9,32,0.9846723401640605,0.010014986289508294,0.9847381054305284,0.010114609596360881,0.10748653063581926,0.07176827349473534,0.9846723401640605,0.01001498628950841,0.9838993062148609,0.010620371205971955,0.9845826522969316,0.017861221420328262,0.9834710743801652,0.014609644239391498,0.06585183143615722,0.004190636068144387,68.71350810826902,26.733303978401754
kr-vs-kp,transformer,A30,linear_model,0.3,10,0.9051893612251842,0.07311926369012067,0.9069020609099804,0.06844733273693052,0.41129510695988725,0.1943892903679873,0.9051893612251842,0.07311926369012063,0.8923757270715761,0.08837388807672007,0.9264917009565206,0.0182368123120327,0.8735537190082645,0.16175456080555328,0.05920734405517578,0.0021701766518798238,68.71350810826902,26.733303978401754
kr-vs-kp,transformer,A30,linear_model,0.4,14,0.8988062556396453,0.05825042522218897,0.9033726761252445,0.05460835206586025,0.39809080408470077,0.2755994885712569,0.8988062556396453,0.05825042522218893,0.8842751732710606,0.0699770710278505,0.9804445161420462,0.01161013425061535,0.8132231404958677,0.12690727826846013,0.060315847396850586,0.0016426764739902518,68.71350810826902,26.733303978401754
kr-vs-kp,transformer,A30,linear_model,0.5,18,0.9469031306645366,0.020201292423683376,0.9491446000489236,0.018490328417532315,0.27533138517979305,0.1299873541812172,0.9469031306645366,0.02020129242368338,0.943380539009462,0.02151951205381989,0.9872570087475998,0.013999917023099745,0.9049586776859504,0.052513491847681136,0.06168785095214844,0.0016115606344247696,68.71350810826902,26.733303978401754
kr-vs-kp,transformer,A30,linear_model,0.6,21,0.973721158868168,0.008129346374245585,0.9745665667808219,0.00746087691714227,0.1635331511112278,0.022502297984329536,0.973721158868168,0.008129346374245535,0.9726353182558961,0.008368692818595874,0.9884628161310461,0.014135071991749015,0.9578512396694215,0.024689866522792817,0.06443490982055664,0.009850984540287074,68.71350810826902,26.733303978401754
kr-vs-kp,transformer,A30,linear_model,0.7,25,0.9835555623828689,0.006633183188182574,0.9839560909980432,0.006406250722436293,0.08892835413202102,0.02620499801491405,0.9835555623828689,0.006633183188182562,0.982915352886174,0.006934200898105857,0.9902715449095046,0.014722244984678279,0.9760330578512397,0.018106530826617045,0.07407360076904297,0.01659719331033919,68.71350810826902,26.733303978401754
kr-vs-kp,transformer,A30,linear_model,0.8,28,0.9923146640449783,0.006219486833756555,0.9925643652152643,0.00593659690460271,0.038964781624787934,0.03506804854974995,0.9923146640449783,0.006219486833756525,0.9920858026839318,0.006345648043982381,0.9966593155007579,0.0018680462382668615,0.987603305785124,0.011687715391513196,0.13626503944396973,0.16770807849387026,68.71350810826902,26.733303978401754
kr-vs-kp,transformer,A30,linear_model,0.9,32,0.9928108390426742,0.0049508500382093226,0.9929557546477495,0.00471398465870929,0.03693906321161401,0.028751273752007447,0.9928108390426742,0.004950850038209359,0.9925256843697211,0.005039873198333641,0.9950438721869495,0.0044583337393234255,0.9900826446280991,0.010371818510752997,0.06709179878234864,0.0021645923111752534,68.71350810826902,26.733303978401754
kr-vs-kp,xgboost,A8,decision_tree,0.3,10,0.9778275375132421,0.002389183316128002,0.9773085861056752,0.002227331170874694,0.07928349381110503,0.004827872270399993,0.9778275375132421,0.002389183316128002,0.976301268629529,0.002396769954610438,0.9652755048633359,0.002018278839511841,0.987603305785124,0.005843857695756571,0.0011378765106201173,0.00028630178172580614,0.07112355232238769,0.01130507440369463
kr-vs-kp,xgboost,A8,decision_tree,0.4,14,0.9786925467358045,0.005147303885547991,0.978482754403131,0.004788882468462174,0.06294550195899015,0.009247051315108085,0.9786925467358045,0.005147303885548037,0.9773656859702122,0.005201070346376791,0.9722527977773151,0.004988618632129553,0.9826446280991735,0.012869761572229311,0.0012118816375732422,0.00020295023564894017,0.08095908164978027,0.00555842291329647
kr-vs-kp,xgboost,A8,decision_tree,0.5,18,0.9853771123423032,0.0024226655940836057,0.9855247064579256,0.0022272786987577674,0.04243814223513379,0.009531326947748721,0.9853771123423032,0.0024226655940835953,0.9846719282051991,0.0024203039339670226,0.9867451664971535,0.0033661747605749394,0.9826446280991735,0.006789949059981423,0.0012195587158203125,0.00013107552254641537,0.08688902854919434,0.006496791873589511
kr-vs-kp,xgboost,A8,decision_tree,0.6,21,0.9890961206067661,0.003603990714377605,0.9890449180528375,0.003556559003875567,0.03700156643763377,0.01164835454337907,0.9890961206067661,0.0036039907143776404,0.9884466937607034,0.003750026928044272,0.9868342289640161,0.004455047566339839,0.9900826446280991,0.005543970192148229,0.0013688564300537109,0.0003291658226739285,0.09276156425476074,0.007638319490091316
kr-vs-kp,xgboost,A8,decision_tree,0.7,25,0.9917799261057118,0.0036191438339314478,0.9917831152152642,0.003502619721124159,0.029901260297902986,0.006747682493000493,0.9917799261057118,0.0036191438339314838,0.9913196736195051,0.0037165312119647152,0.9909256767611506,0.0034279676129210157,0.9917355371900827,0.0065336315292734886,0.0013546943664550781,0.00014538920562151615,0.10670742988586426,0.007880004684111342
kr-vs-kp,xgboost,A8,decision_tree,0.8,28,0.9944222556760577,0.0025000703181729256,0.9945213123776908,0.002552866320199546,0.023667949762277884,0.0055874184268788355,0.9944222556760577,0.002500070318172898,0.9942079682092111,0.002690452992960627,0.9958777747545519,0.005019556285988708,0.9925619834710744,0.0034572728369176415,0.001276254653930664,0.00015627178459022705,0.08588132858276368,0.0029279083597041743
kr-vs-kp,xgboost,A8,decision_tree,0.9,32,0.9940090325355617,0.0018645114365363727,0.9941306873776907,0.0019588602945553135,0.023295114193893247,0.005831624361640503,0.9940090325355617,0.0018645114365363603,0.9937921713654871,0.002057755723208854,0.9958777747545519,0.005019556285988708,0.9917355371900827,0.0029219288478782857,0.0013915538787841798,3.93063958657238e-05,0.09972605705261231,0.004286892395655901
kr-vs-kp,xgboost,A8,f_classif,0.3,10,0.946759893630458,0.013479623972570803,0.9475713979941291,0.012343630210430181,0.12982995050978255,0.03150026349070093,0.9467598936304581,0.013479623972570777,0.9436039582709312,0.014350084719506606,0.9583867856192727,0.02977264759429073,0.931404958677686,0.04522858939673433,0.001195812225341797,0.0001262264380899359,0.07922978401184082,0.0027489415189985073
kr-vs-kp,xgboost,A8,f_classif,0.4,14,0.9697303552592501,0.0056041123643249474,0.9694853840508806,0.005272169540414986,0.07533270778788595,0.0077359248629303,0.9697303552592501,0.005604112364324953,0.9679512825814758,0.005724690982124326,0.9617452459218366,0.006831643448957651,0.9743801652892563,0.013829091347670677,0.0011871814727783202,3.067623559951422e-05,0.08390345573425292,0.003248737968416803
kr-vs-kp,xgboost,A8,f_classif,0.5,18,0.9715047626200043,0.005652256133944404,0.9714415667808218,0.005273011011205884,0.07203245994032761,0.00822066887704593,0.9715047626200043,0.005652256133944404,0.969888266203753,0.005803418260874776,0.967178197232459,0.00454804032227852,0.9727272727272727,0.013579898119962793,0.0009982585906982422,0.00012922429949684,0.07363734245300294,0.01082797900047782
kr-vs-kp,xgboost,A8,f_classif,0.6,21,0.9680788395387921,0.005287939752926457,0.9679205907534246,0.0050850635575111144,0.07094612466659643,0.008089139769195026,0.9680788395387921,0.005287939752926402,0.9662660187465628,0.005506874832622049,0.9616492706902482,0.008668215989596318,0.9710743801652892,0.01273639256811771,0.0011617660522460938,0.00030304724308920434,0.0857229232788086,0.018536562190419582
kr-vs-kp,xgboost,A8,f_classif,0.7,25,0.9692341802615545,0.0038966977473954994,0.96909323018591,0.0037542278660099683,0.06726793877490903,0.007128660152439705,0.9692341802615545,0.003896697747395514,0.9674939658286468,0.004063395764367701,0.9633163602300197,0.010350398943288132,0.971900826446281,0.012533678419919916,0.0010728836059570312,0.0001868416903669431,0.0816385269165039,0.00946503480709545
kr-vs-kp,xgboost,A8,f_classif,0.8,28,0.9739798116344247,0.008000634823222616,0.9741759417808218,0.0077617878728208165,0.05956027004307658,0.00858954166827128,0.9739798116344247,0.008000634823222668,0.9726305798251913,0.008377863758033365,0.9753213513868507,0.013367637492825362,0.9702479338842975,0.017869213479702235,0.0010151386260986329,7.202814286576365e-05,0.07524971961975098,0.011438162379448814
kr-vs-kp,xgboost,A8,f_classif,0.9,32,0.9834340475840981,0.010122692467232571,0.9835647015655578,0.01013411464267146,0.03914116352364604,0.016076452668341235,0.9834340475840984,0.010122692467232523,0.982622614448875,0.010690462211474037,0.9843872406153086,0.014400096574826597,0.9809917355371901,0.013261823583372925,0.00146942138671875,9.591473058005864e-05,0.10539760589599609,0.004824720278502855
kr-vs-kp,xgboost,A8,linear_model,0.3,10,0.961108710172583,0.007127972377211456,0.9593069655088062,0.007396414441043709,0.10651429366368607,0.013090194674871873,0.961108710172583,0.007127972377211481,0.9586326862707768,0.0072939107532638174,0.9248520703997377,0.012401786395219843,0.9950413223140495,0.0034572728369176593,0.0009639263153076172,0.00012850009422027493,0.06751761436462403,0.01562121309328431
kr-vs-kp,xgboost,A8,linear_model,0.4,14,0.9819597689182009,0.0017894702599336061,0.9812201871330724,0.001756173624841666,0.06915013111120384,0.004128040655120751,0.9819597689182009,0.001789470259933649,0.9804712164396898,0.0018297814486518084,0.9655483639738236,0.002123153659019533,0.9958677685950412,0.0029219288478782857,0.0011002063751220704,0.00020581687355361,0.07274041175842286,0.014145244426684056
kr-vs-kp,xgboost,A8,linear_model,0.5,18,0.9839801188635254,0.0024244904681529097,0.9835669948630137,0.002239492999663899,0.050823383144675896,0.007085422812800066,0.9839801188635254,0.0024244904681529583,0.982794581539645,0.0023984065698949212,0.9740854055329169,0.005815596887114618,0.9917355371900827,0.008264462809917371,0.0011546611785888672,0.000270435042456665,0.0801393985748291,0.017212830264677206
kr-vs-kp,xgboost,A8,linear_model,0.6,21,0.9852127447734071,0.004497705314623831,0.9851310237279843,0.004510631351671637,0.04199026224222634,0.009104390895604528,0.9852127447734071,0.004497705314623875,0.9843382697538937,0.004743268165645075,0.9819296635931603,0.0061842887462475885,0.9867768595041323,0.0053877705828121345,0.0012206554412841797,4.933058434505304e-05,0.09117670059204101,0.004531860889032803
kr-vs-kp,xgboost,A8,linear_model,0.7,25,0.9866167817637909,0.0045058305000609585,0.9866965814579256,0.004466304001207296,0.03218538429175562,0.006706381390737958,0.9866167817637909,0.0045058305000609585,0.9859366999760628,0.004725234674775963,0.9867561711813357,0.004530225723495561,0.9851239669421489,0.005543970192148277,0.001346254348754883,8.621932496816876e-05,0.09966578483581542,0.007147558546868267
kr-vs-kp,xgboost,A8,linear_model,0.8,28,0.9916126455497866,0.004078672428339537,0.9917823507827789,0.0040126007035808965,0.026330308059713075,0.0061494708844779915,0.9916126455497866,0.004078672428339593,0.9912936887720797,0.00425536925664477,0.9942351141570738,0.0068651309374875204,0.9884297520661157,0.007948505810608037,0.0013915538787841798,0.00031083335237171557,0.08926854133605958,0.005087081747793549
kr-vs-kp,xgboost,A8,linear_model,0.9,32,0.99326553811177,0.0028604209001151146,0.9933479085127201,0.0029696229418967974,0.025353331859165117,0.0049092266680725565,0.99326553811177,0.0028604209001151914,0.9929724954878445,0.0031159711026032223,0.9942484965592149,0.0068392491678368,0.9917355371900827,0.004132231404958657,0.0014680862426757813,0.00013493887092476989,0.10115208625793456,0.005070876993139717
nomao,transformer,A24,decision_tree,0.3,35,0.8601729622926475,0.008673164237903009,0.8860076732070118,0.009538128613775466,0.3969830347504556,0.03929841294524089,0.8601729622926475,0.00867316423790301,0.9199979522581255,0.008194582143024359,0.9199866053743602,0.01352934965873842,0.9207713302599829,0.02908329234610718,0.3937722682952881,0.004396184294073149,431.92300047695227,42.110663868167315
nomao,transformer,A24,decision_tree,0.4,47,0.8569320795000357,0.027040754743135647,0.8894171302521464,0.01288152501602868,0.368973624746065,0.04576526390575411,0.8569320795000357,0.027040754743135692,0.9233108976848297,0.008507958643038703,0.9144102298872001,0.02213971626878735,0.9331279992778325,0.02180607188087895,0.39717774391174315,0.002175770315285333,431.92300047695227,42.110663868167315
nomao,transformer,A24,decision_tree,0.5,59,0.8715035210129021,0.015609692958273115,0.8984481404130458,0.009851381197009543,0.30575208959869676,0.036068337413876245,0.8715035210129022,0.015609692958273092,0.9291965311880531,0.0071758784108811886,0.9241050000812503,0.013986676262644418,0.9347042747299049,0.018019621511711305,0.40737261772155764,0.00945546309022731,431.92300047695227,42.110663868167315
nomao,transformer,A24,decision_tree,0.6,70,0.8971897860718194,0.015326855911188004,0.9199909831432131,0.011291347382349961,0.23423267782505297,0.04633684164504157,0.8971897860718194,0.015326855911188009,0.9442771418696054,0.007901683777421405,0.9381063211743192,0.011127979519045776,0.950671458010175,0.012814695685168687,0.5259293556213379,0.011754996958061757,431.92300047695227,42.110663868167315
nomao,transformer,A24,decision_tree,0.7,82,0.9270395865750528,0.016504599527992353,0.9401936749807873,0.012371751958778078,0.16142229778646328,0.0335632858964956,0.9270395865750528,0.016504599527992398,0.9580739011747449,0.008633980501886108,0.9582764550309651,0.01065383200008451,0.9578925511990128,0.007813541712117652,0.5671862602233887,0.006721564767183304,431.92300047695227,42.110663868167315
nomao,transformer,A24,decision_tree,0.8,94,0.9339843692588211,0.014286249690576748,0.9505298866710665,0.008878694139263045,0.13227520742161794,0.02468964097086879,0.9339843692588211,0.014286249690576718,0.9655924210273836,0.006064453749425045,0.9585623439612814,0.010818411359921898,0.9727933346421326,0.00589855775851473,0.6481153011322022,0.012520428858460317,431.92300047695227,42.110663868167315
nomao,transformer,A24,decision_tree,0.9,106,0.9413785379346239,0.011283560270378218,0.9563329147170426,0.007135223547779745,0.11403572182189814,0.020604393635493774,0.9413785379346239,0.011283560270378279,0.969610050631221,0.004884300107241279,0.9629104101300152,0.008694885315081271,0.9764546748060532,0.005705973014071075,0.708364725112915,0.014081189779913393,431.92300047695227,42.110663868167315
nomao,transformer,A24,f_classif,0.3,35,0.8206323196809148,0.03033259554684775,0.8387146802781086,0.020128356699397314,0.6815341559599852,0.12970243841713322,0.8206323196809148,0.03033259554684779,0.8840565778935376,0.014935884757135025,0.9073269359227778,0.026076779267992678,0.8630518069836599,0.032097292555596346,0.3992765426635742,0.011517940174182823,431.92300047695227,42.110663868167315
nomao,transformer,A24,f_classif,0.4,47,0.8230591553985056,0.04085277693049931,0.8416882370795381,0.016705617684207506,0.6056068480579756,0.13113183934740213,0.8230591553985056,0.040852776930499365,0.8863300418860849,0.012937251522466648,0.90983539818108,0.037564497400769156,0.8667652792618166,0.04568022978640148,0.3955562591552734,0.0017715835697452048,431.92300047695227,42.110663868167315
nomao,transformer,A24,f_classif,0.5,59,0.8227629564119301,0.03632484457097481,0.848651822066044,0.014969890554032488,0.5318248377469305,0.10575891763070443,0.8227629564119301,0.03632484457097478,0.8927128006722983,0.010849257671989927,0.9042384188560082,0.03372382062333507,0.8834953683765638,0.037223599491671235,0.3998988628387451,0.0013916007876230607,431.92300047695227,42.110663868167315
nomao,transformer,A24,f_classif,0.6,70,0.8517182324998893,0.01884783420899635,0.869905862305165,0.022599182884046855,0.42523796226488014,0.10322242380466069,0.8517182324998893,0.01884783420899631,0.9070652484688371,0.01879436505536463,0.9217678304808616,0.019224483483004325,0.8943773232157458,0.04461637028195736,0.523567008972168,0.014927339897810308,431.92300047695227,42.110663868167315
nomao,transformer,A24,f_classif,0.7,82,0.9148972395642463,0.01151509926486096,0.9318871834029329,0.004974450627547829,0.19809471897774852,0.018489707554156916,0.9148972395642463,0.011515099264860983,0.9523540262479274,0.003595272393843857,0.9502832191706148,0.012770006187057304,0.9547390044693168,0.014992391394101044,0.5802713871002197,0.017209404155552017,431.92300047695227,42.110663868167315
nomao,transformer,A24,f_classif,0.8,94,0.9237929649198836,0.016850373870872452,0.9400475506014361,0.008725874997382081,0.17017852087024954,0.026593653989474813,0.9237929649198836,0.0168503738708725,0.9581656867251958,0.0057736601155488005,0.9545973409253508,0.013863880549359352,0.9619098666654251,0.006951855138466749,0.6489027976989746,0.013660511691524158,431.92300047695227,42.110663868167315
nomao,transformer,A24,f_classif,0.9,106,0.9489014002201273,0.005652907429466814,0.9588713604963678,0.003579149041694658,0.10801386577748562,0.007480281420761441,0.9489014002201273,0.0056529074294667985,0.9712006847567402,0.002462875804202748,0.9701290068287861,0.004295478610329006,0.9722843772559653,0.0023024138378964316,0.7264066219329834,0.02947756196941114,431.92300047695227,42.110663868167315
nomao,transformer,A24,linear_model,0.3,35,0.8554474075698671,0.044596852196544155,0.8622537801248351,0.04230548816866824,0.4929566132735778,0.2028858574615847,0.8554474075698671,0.04459685219654416,0.8991348485975944,0.03462084782437028,0.9342718018765652,0.04104791689293162,0.8713918201078646,0.07630266685875435,0.39582023620605467,0.004074372106761632,431.92300047695227,42.110663868167315
nomao,transformer,A24,linear_model,0.4,47,0.9038523417522356,0.025101536235874054,0.9191575980172122,0.017567045459953624,0.236401705687717,0.06486475392279796,0.9038523417522356,0.025101536235873946,0.9430083197348115,0.013102379427064091,0.9474054564121589,0.023115584203235496,0.9397378107719355,0.03231941360331724,0.4010282516479492,0.004431893763555183,431.92300047695227,42.110663868167315
nomao,transformer,A24,linear_model,0.5,59,0.9143118494296264,0.0157794022964707,0.9252872585762904,0.014761082953507492,0.21182069119043448,0.04318034164191367,0.9143118494296264,0.01577940229647069,0.9470567307436731,0.01157652544360359,0.9551804415071852,0.01819624774337966,0.9400428825761308,0.03253255230714435,0.4140082836151123,0.009535895413627723,431.92300047695227,42.110663868167315
nomao,transformer,A24,linear_model,0.6,70,0.9308023932202426,0.008480685728471318,0.9404470874598936,0.0034863669479186267,0.17024548417111995,0.014075696642119289,0.9308023932202427,0.008480685728471356,0.9580165156456181,0.0029755570510620354,0.9630140532646315,0.012310113418107777,0.9534172465087261,0.016791711495197925,0.5409022331237793,0.011024437973077911,431.92300047695227,42.110663868167315
nomao,transformer,A24,linear_model,0.7,82,0.9379096065225412,0.007344145631151214,0.9482085557540667,0.004015892473573022,0.1400970817437957,0.011517440719277317,0.9379096065225412,0.007344145631151252,0.9636190321355939,0.0029941977478828924,0.9653456351713174,0.009008547351499323,0.9620630168754924,0.011561835309260839,0.565377140045166,0.006200665698121886,431.92300047695227,42.110663868167315
nomao,transformer,A24,linear_model,0.8,94,0.9399921019833283,0.009665816189288088,0.9525244535380312,0.0052776486063026975,0.1265787244244257,0.013065039424313736,0.9399921019833283,0.009665816189288103,0.9668136568364787,0.00357427785216187,0.9643083986870756,0.008182545746829098,0.9693860851873147,0.004853911956991642,0.6406009197235107,0.00511606971005992,431.92300047695227,42.110663868167315
nomao,transformer,A24,linear_model,0.9,106,0.9475190721577806,0.003047084642183952,0.9574931033541588,0.002249081310244103,0.11245920975368855,0.004200245548895033,0.9475190721577806,0.003047084642183974,0.9702209542761452,0.00156566733181541,0.9695332003769306,0.0020534735502067115,0.9709114054098935,0.0016614499088503198,0.7050559043884277,0.02163988216888643,431.92300047695227,42.110663868167315
nomao,xgboost,A8,decision_tree,0.3,35,0.9564779490333176,0.00602594740093424,0.9654723310416312,0.0037274734636288946,0.09159082931029386,0.009424701948648318,0.9564779490333176,0.006025947400934249,0.9758399908071039,0.002563929269256438,0.9741227208174393,0.004591767082820554,0.9775731808918406,0.0019734902762493078,0.00793156623840332,0.0017455877171955753,0.5994845390319824,0.01504069271891042
nomao,xgboost,A8,decision_tree,0.4,47,0.9577582060761014,0.004803551194611694,0.9667054832157229,0.0027380215863397244,0.08865009683329236,0.006526549266281579,0.9577582060761014,0.004803551194611683,0.9767089074305693,0.0018745362194151813,0.9746932615394872,0.003910730728828224,0.9787428103335136,0.0019088255188446162,0.007792329788208008,0.0011991320754581676,0.6999681949615478,0.011020150206399702
nomao,xgboost,A8,decision_tree,0.5,59,0.9593298464766932,0.0033162638893318207,0.9681923701344077,0.0026267882935335912,0.08488093736895232,0.006275308818348696,0.9593298464766932,0.003316263889331822,0.9777538898047989,0.0018405620193365768,0.975406529332161,0.002212871724255612,0.9801158597763816,0.002422455547960169,0.007922792434692382,0.0005339682719307849,0.8172303199768066,0.04102179983742637
nomao,xgboost,A8,decision_tree,0.6,70,0.9587990918564829,0.003609398122592825,0.9679747357011955,0.0021214293377959195,0.08366202820595495,0.003915510280717513,0.9587990918564829,0.003609398122592779,0.977611045689264,0.0014596975755049788,0.9749237861044158,0.0029422611798545447,0.9803192927103759,0.0017311870369989852,0.0077550411224365234,0.000589430618483761,0.9052679061889648,0.036521320829943235
nomao,xgboost,A8,decision_tree,0.7,82,0.9605318178453442,0.002943334307323079,0.9689903389410816,0.0016754332355139567,0.08245149298530048,0.005109861928857639,0.9605318178453442,0.0029433343073231423,0.9783062083941407,0.001155364112662692,0.9762569759455377,0.0025553083579545294,0.9803701444774748,0.0018729283778364074,0.008274412155151368,0.000696631520951097,1.0248396873474122,0.042948147260701904
nomao,xgboost,A8,decision_tree,0.8,94,0.9615437026776459,0.003356555868907995,0.9695705943923831,0.002222256600831801,0.08133144659096272,0.00633232150955938,0.9615437026776459,0.0033565558689079874,0.9787029154176059,0.00155405359423963,0.9770508465653182,0.002872931637643274,0.9803701186118762,0.0028572675511204,0.008758020401000977,0.001504154391359551,1.150833749771118,0.06013287902479537
nomao,xgboost,A8,decision_tree,0.9,106,0.9612286615693547,0.0029391072661184895,0.9696068722786242,0.0016986515689059528,0.0813005985151998,0.004753748316992796,0.9612286615693547,0.002939107266118524,0.9787391436235164,0.0011730773685523774,0.9766145916703615,0.0025183160285575253,0.9808786362828652,0.0018123148022099423,0.00859527587890625,0.0006202396305071165,1.2527640342712403,0.03509236425221948
nomao,xgboost,A8,f_classif,0.3,35,0.9343469727123386,0.00458238058538853,0.9485710978499959,0.0037473902644623814,0.13610293032658669,0.009059260793666923,0.9343469727123386,0.0045823805853885706,0.9640784182984422,0.0026332366262017907,0.9604846836258343,0.003037654577543988,0.9677073560986814,0.0038111224387985592,0.00687260627746582,0.0002722946015575522,0.5796468257904053,0.010850236089855839
nomao,xgboost,A8,f_classif,0.4,47,0.9403653325972915,0.005478573843695577,0.9538664854087724,0.004058716983973868,0.12266018240658819,0.009883336001488975,0.9403653325972915,0.005478573843695548,0.9677986103307253,0.002818398452137385,0.9636087607167747,0.00364815900613021,0.9720300796220724,0.0029270553497369035,0.00720062255859375,0.0003960083292861446,0.6985714912414551,0.019601198532765186
nomao,xgboost,A8,f_classif,0.5,59,0.9422271960273845,0.004878029154550039,0.9553896962516248,0.00347355187134937,0.11798323681984409,0.009735799421465378,0.9422271960273843,0.004878029154550066,0.9688616783021515,0.002407186482647441,0.9646692429594733,0.003472581744257966,0.973097979663949,0.0028627959344625954,0.008565902709960938,0.002335607256377522,0.7505707263946533,0.023300695922665707
nomao,xgboost,A8,f_classif,0.6,70,0.9605588103409636,0.0037856096437080934,0.9692442841447683,0.002499737599990934,0.0848045218588713,0.0060520575296238,0.9605588103409636,0.0037856096437081784,0.9784922488194185,0.001732973973067305,0.9760724915411796,0.002897403281171876,0.9809295785795596,0.0020738831130975204,0.007675695419311524,0.0002897110673552583,0.9033016681671142,0.017495863775023462
nomao,xgboost,A8,f_classif,0.7,82,0.9596844885911334,0.004342291050341986,0.968482619531722,0.0024695603210813295,0.08309127721348795,0.005149424781909488,0.9596844885911334,0.004342291050342046,0.9779587418531536,0.0016965104130089916,0.975620011982192,0.0036446659691027226,0.9803192151135797,0.0022660637273504117,0.008319807052612305,0.0010364650209500157,1.1016465663909911,0.10184778538980202
nomao,xgboost,A8,f_classif,0.8,94,0.9613561572891287,0.00443774909552772,0.9697883077477556,0.0026560723984884547,0.0812006262872223,0.00477956531023971,0.9613561572891287,0.0044377490955277345,0.9788698458054688,0.001829317946783055,0.9766254644741791,0.0035601785342519393,0.981132908051159,0.002014987569013233,0.007900762557983398,0.0001549356124234255,1.1651551246643066,0.018670068471688714
nomao,xgboost,A8,f_classif,0.9,106,0.9612803069337572,0.0043519192190844755,0.9697882485561354,0.0020727738265897224,0.0799424929263812,0.004989933832200379,0.9612803069337572,0.004351919219084416,0.9788726601862997,0.0014000711671377293,0.9765334035070499,0.003838427236036624,0.9812346115853569,0.0017302504021459789,0.008161354064941406,0.0004512651682092192,1.3134875774383545,0.05277252381602053
nomao,xgboost,A8,linear_model,0.3,35,0.950441172762539,0.014749815286768301,0.9611201685251192,0.009854735362523709,0.10292960901095591,0.023259978039516082,0.950441172762539,0.014749815286768338,0.9728346026319883,0.006765864382559726,0.9702294474486728,0.01037140124375083,0.975488025650397,0.0048774664700787325,0.007916641235351563,0.0005723044040168997,0.6576967239379883,0.005152791370934526
nomao,xgboost,A8,linear_model,0.4,47,0.9596195351985077,0.005037765083802042,0.9681199722062459,0.0031163946047313724,0.08437173224453856,0.006895757028857998,0.959619535198508,0.005037765083802019,0.9776944742547752,0.002145184169227455,0.9758473640253978,0.0038823547123593236,0.9795564774054941,0.001900341775924709,0.007420015335083008,0.00028227518310505327,0.7251566410064697,0.03267017030529086
nomao,xgboost,A8,linear_model,0.5,59,0.9605571972807578,0.0036994405069585945,0.9690265839430893,0.0020644957858849855,0.08203941225954285,0.005544618606376356,0.9605571972807578,0.0036994405069585698,0.9783327932922248,0.001416944114831181,0.9762612251231444,0.003134761912033887,0.9804209833117744,0.001903970266090127,0.007909727096557618,0.0003166020270569185,0.8509677886962891,0.04117483536580712
nomao,xgboost,A8,linear_model,0.6,70,0.9614423476585904,0.003782202217985078,0.9695343888514557,0.0021210891308030993,0.08211702918392104,0.005347395064213524,0.9614423476585904,0.0037822022179849835,0.9786802909496073,0.0014603358274968565,0.9769554440145569,0.0032839808659281353,0.9804208927821788,0.0022764631616814853,0.00818319320678711,0.0005222681666014725,0.9864153385162353,0.028603497195596465
nomao,xgboost,A8,linear_model,0.7,82,0.9614435932334313,0.003863164634976034,0.9697520364383614,0.0020868385624497653,0.0819606683040768,0.005649433346880284,0.9614435932334313,0.0038631646349760163,0.9788409483179515,0.001423081924139018,0.9767666197855105,0.003163953576605983,0.9809295527139609,0.0007857769450018096,0.007996559143066406,0.0002150705403772271,1.0590206146240235,0.045988722676871444
nomao,xgboost,A8,linear_model,0.8,94,0.9620114400439566,0.002649784783152023,0.9698607911749241,0.001002371220190804,0.08088629832915502,0.005570863852328985,0.9620114400439566,0.002649784783152023,0.9789035573274448,0.0006687853036281211,0.9773982426597632,0.0026257285314679932,0.9804209574461756,0.0017449367063463153,0.008319711685180664,0.0005568103623561949,1.1909339904785157,0.06669563025384935
nomao,xgboost,A8,linear_model,0.9,106,0.962419019545776,0.0034720303743573026,0.9705498802849485,0.0017411530265730277,0.0795401602143843,0.005048787342538673,0.962419019545776,0.003472030374357321,0.9793986292935897,0.0011842967366176398,0.9773242339368065,0.0030308742942335696,0.9814889609504469,0.001487820529203471,0.007891082763671875,0.00038094490427045157,1.3079383373260498,0.06380416191481968
sylvine,transformer,A26,decision_tree,0.3,6,0.9300821861423214,0.012121242086638518,0.9302287143750558,0.012103788181648702,0.21750000195522592,0.023005233850373858,0.9300821861423214,0.012121242086638546,0.9328234986780533,0.011900064933805451,0.9024397778531711,0.018242241291541582,0.9659556374459642,0.025299061109742477,0.09771852493286133,0.0015392722558558174,48.43635121909649,4.679834095731671
sylvine,transformer,A26,decision_tree,0.4,8,0.9413322400295854,0.006593112834916077,0.9414488221805295,0.006627084480439174,0.17288908381818052,0.016053583042420546,0.9413322400295854,0.006593112834916096,0.9434058668381706,0.0068917765401558,0.9155717148500455,0.009704596402213947,0.9732572697422814,0.017886341027206785,0.1013730525970459,0.002045463832191352,48.43635121909649,4.679834095731671
sylvine,transformer,A26,decision_tree,0.5,10,0.9430449126687261,0.009198557198092793,0.9431579260847552,0.009223741272556114,0.15871019178023243,0.02290143461148564,0.9430449126687261,0.009198557198092828,0.9450108368046248,0.00933202458262213,0.9176012245323604,0.006612598783330961,0.974235230198663,0.017078093745685485,0.0973752498626709,0.0047820764991759355,48.43635121909649,4.679834095731671
sylvine,transformer,A26,decision_tree,0.6,12,0.943529750342688,0.010104651789945301,0.94364602876798,0.010136841359098776,0.16176566646976714,0.019601484364700567,0.943529750342688,0.010104651789945306,0.9455141286691326,0.010291592603932037,0.9173121548501163,0.00700222205811509,0.9756939031015992,0.020051100486598628,0.10555505752563477,0.009483980910173833,48.43635121909649,4.679834095731671
sylvine,transformer,A26,decision_tree,0.7,14,0.9408456046129625,0.009510745613854643,0.9409616129128324,0.009545009668394768,0.16224820568422132,0.02007191967151799,0.9408456046129624,0.009510745613854616,0.9428691561358727,0.009890079522230843,0.9153925489553003,0.0064888232929119025,0.9722863959558736,0.021256416413492754,0.10076308250427246,0.0030249607033473198,48.43635121909649,4.679834095731671
sylvine,transformer,A26,decision_tree,0.8,16,0.9454923235233252,0.010759878735125286,0.9455963548646474,0.01079193140574896,0.1546848464776571,0.01954290543159505,0.9454923235233252,0.010759878735125208,0.9471508091451964,0.01118659079062951,0.9228045005654198,0.012401481336309491,0.9732560886306192,0.02481537231744062,0.09548821449279785,0.0034047365568418845,48.43635121909649,4.679834095731671
sylvine,transformer,A26,decision_tree,0.9,18,0.9432959682042498,0.012173244895148216,0.9434009351082521,0.012212755404802886,0.15667459540233844,0.018966939380287855,0.9432959682042498,0.012173244895148202,0.9449481427074169,0.012905729118872783,0.9210639924825464,0.01427351289369415,0.9708253608296129,0.03125213658001285,0.10777602195739747,0.00782122854432808,48.43635121909649,4.679834095731671
sylvine,transformer,A26,f_classif,0.3,6,0.9000472895671889,0.02710176329162133,0.8999818338842729,0.027206851298722197,0.2668968300292177,0.0594104984217028,0.9000472895671889,0.027101763291621384,0.8977891165808956,0.031868645221503886,0.9137461345010374,0.013836424441929092,0.8848038173528925,0.06645232771444037,0.09745974540710449,0.0015362667548094733,48.43635121909649,4.679834095731671
sylvine,transformer,A26,f_classif,0.4,8,0.9240095527658942,0.01245268484362159,0.9241287709580392,0.012531090152890325,0.21117597004763625,0.018553819485689946,0.9240095527658942,0.012452684843621557,0.926403337367028,0.013226281874652095,0.90089989180396,0.006941870866979819,0.953803179552595,0.028531068607042808,0.09751629829406738,0.0028977736899793473,48.43635121909649,4.679834095731671
sylvine,transformer,A26,f_classif,0.5,10,0.9262321095514855,0.016213309988965148,0.9263265731558414,0.016292394709757664,0.1999887668302122,0.027054473866508357,0.9262321095514853,0.016213309988965176,0.9279440301059576,0.01734465166423729,0.9082893099635999,0.0017369277835731756,0.9489393617272578,0.03441373251438236,0.0963852882385254,0.0025496760382086193,48.43635121909649,4.679834095731671
sylvine,transformer,A26,f_classif,0.6,12,0.9330615055294185,0.01957709024213948,0.9331567348640519,0.019644250132102734,0.18581274129830122,0.034005782100113846,0.9330615055294185,0.019577090242139487,0.9346065458194717,0.020406099425588117,0.9147225952259243,0.008976638250369918,0.9557402026787611,0.034910481460478454,0.10729012489318848,0.006491714311632617,48.43635121909649,4.679834095731671
sylvine,transformer,A26,f_classif,0.7,14,0.9432726845659731,0.008712455377461877,0.9433997438875487,0.00865859116539651,0.16279618593372538,0.017623888928853252,0.9432726845659731,0.008712455377461889,0.945457561409847,0.007929679093244097,0.9162597130459644,0.013743037333030417,0.9766671391113316,0.004401004161771395,0.1053919792175293,0.00582606927975906,48.43635121909649,4.679834095731671
sylvine,transformer,A26,f_classif,0.8,16,0.9437640877887666,0.005853605846536116,0.9438875487655976,0.005800424293708833,0.1609573386629835,0.015633727794090765,0.9437640877887666,0.00585360584653617,0.9458373118969945,0.005150421374444364,0.917864028362896,0.012099301959825084,0.9756903597666124,0.0054525041591158285,0.09469947814941407,0.004675040368884977,48.43635121909649,4.679834095731671
sylvine,transformer,A26,f_classif,0.9,18,0.9457194876228552,0.008265528683486626,0.9458405551088477,0.008207039139646228,0.1566034955996723,0.013384408422788246,0.9457194876228552,0.008265528683486694,0.9477402893969389,0.007429221681787252,0.9197410424365963,0.014637419363422558,0.977640375121064,0.0060419351194895745,0.10412721633911133,0.003875817906078071,48.43635121909649,4.679834095731671
sylvine,transformer,A26,linear_model,0.3,6,0.9105257471827379,0.009634316112164363,0.9104678519312666,0.009720939380019703,0.29108530650559195,0.04342818530523721,0.9105257471827379,0.009634316112164393,0.909264297638669,0.011706727008412621,0.9237172928747972,0.011686071207659304,0.8959735903432311,0.030360420715187453,0.09748973846435546,0.002124254487402139,48.43635121909649,4.679834095731671
sylvine,transformer,A26,linear_model,0.4,8,0.9083342638855678,0.023428362656734397,0.9082751124214539,0.023524814491302247,0.2793945164538253,0.08452110949712272,0.9083342638855678,0.02342836265673439,0.9059943219645124,0.02743337785561725,0.9261982224167664,0.015234009890726817,0.8886542413719793,0.0579640904116037,0.0978050708770752,0.003474355999243997,48.43635121909649,4.679834095731671
sylvine,transformer,A26,linear_model,0.5,10,0.9073603937906121,0.03515761461269075,0.9073006938860597,0.035340524439955306,0.27247920142704535,0.11548240721194931,0.9073603937906121,0.035157614612690784,0.9038390974490795,0.041878381437046586,0.9264553626138584,0.013085167565740644,0.8867124937991637,0.08862064688826227,0.102225923538208,0.01151198662560021,48.43635121909649,4.679834095731671
sylvine,transformer,A26,linear_model,0.6,12,0.9141600275977535,0.02999086001914478,0.9141305577890944,0.030137939715764273,0.2622008104093366,0.10089948561014107,0.9141600275977535,0.029990860019144725,0.9119878456063322,0.03521567480625919,0.9265201324625014,0.014867369673111308,0.9012909550468902,0.07653300605075739,0.10387659072875977,0.004097228106417353,48.43635121909649,4.679834095731671
sylvine,transformer,A26,linear_model,0.7,14,0.9352661977675452,0.021249683029926223,0.9353500699842163,0.021350201610255446,0.19484053026870152,0.07215838746923264,0.9352661977675452,0.02124968302992621,0.9360883133630085,0.023621625192652276,0.9216783155780348,0.006974794735249522,0.9523244277513996,0.051065202564933763,0.09965496063232422,0.003229354167948909,48.43635121909649,4.679834095731671
sylvine,transformer,A26,linear_model,0.8,16,0.9321239804384399,0.02174698013604417,0.9321793382768992,0.021839713762362444,0.19864767059581054,0.08353394528284407,0.9321239804384399,0.0217469801360442,0.932488327650465,0.02448452363966388,0.9243495225290648,0.003929353414100912,0.9421196229891574,0.05150044170709627,0.16740961074829103,0.16212449948093166,48.43635121909649,4.679834095731671
sylvine,transformer,A26,linear_model,0.9,18,0.9379503087162245,0.02256939706063192,0.9380356770600672,0.022668429522440917,0.18908570150687146,0.0810363150516745,0.9379503087162245,0.022569397060631914,0.9387118936484888,0.025207036108962362,0.9233479241590847,0.008313719998048771,0.9562244584603029,0.05492893654206131,0.1026688575744629,0.005791221494777809,48.43635121909649,4.679834095731671
sylvine,xgboost,A5,decision_tree,0.3,6,0.950139615790101,0.006310893429327557,0.9502319902319902,0.006299219172330028,0.1354506959930358,0.015574744728903456,0.950139615790101,0.006310893429327557,0.9516977651636708,0.005918283366082157,0.9280460539218514,0.010388067888455747,0.9766683202229938,0.006992927176258673,0.0012556076049804687,9.50703762866173e-05,0.11666464805603027,0.008072483677236305
sylvine,xgboost,A5,decision_tree,0.4,8,0.9503942496539961,0.005894764409458936,0.9504764882813663,0.005879024447848034,0.13219304845886973,0.01125395882331572,0.9503942496539961,0.0058947644094588005,0.9518685983835333,0.0053356330684284714,0.9297817993839926,0.01355190980592214,0.9752120095433823,0.008297475033807998,0.0012994766235351562,0.0001871557448104886,0.1169046401977539,0.011716280453914263
sylvine,xgboost,A5,decision_tree,0.5,10,0.9491622111934399,0.002374919534584391,0.9492560826707168,0.00237272164637915,0.1370935298314801,0.00926984425956751,0.9491622111934401,0.0023749195345843786,0.9507644310215666,0.0020714701371657472,0.926713986540412,0.007923984191323138,0.9761817022181278,0.006278352052527435,0.0011236190795898438,7.886510364917848e-05,0.11567797660827636,0.010916980995091913
sylvine,xgboost,A5,decision_tree,0.6,12,0.9484168256886667,0.004326410313235123,0.9485246731588195,0.004336862630774991,0.1416656948375417,0.012917173545914427,0.9484168256886667,0.00432641031323515,0.9502674904117473,0.003866027821898512,0.9227325270497682,0.010222891675144353,0.9795833038055418,0.003679550034094178,0.0011465072631835938,0.00019557383181435087,0.11760611534118652,0.014728548888930187
sylvine,xgboost,A5,decision_tree,0.7,14,0.94793435890144,0.004668763057735246,0.9480374638911224,0.004674680723926767,0.1451960420991189,0.012241949062389835,0.94793435890144,0.004668763057735244,0.9497198420636618,0.00432021335799846,0.923417795056101,0.00944235038068158,0.977640375121064,0.005253226318555193,0.0010903835296630859,0.00013469168488751418,0.12258167266845703,0.016204997993133623
sylvine,xgboost,A5,decision_tree,0.8,16,0.9445196783666979,0.006925954680755597,0.9446219363292533,0.006919092092400772,0.14900009148179114,0.01069638719907162,0.9445196783666979,0.006925954680755625,0.9464628375309709,0.006222033997211218,0.9199433624919877,0.01413164479787393,0.974725391538516,0.00697639978032174,0.001090669631958008,8.593552862149519e-05,0.12612829208374024,0.018867180641047813
sylvine,xgboost,A5,decision_tree,0.9,18,0.9454988719152062,0.004339078160772526,0.9455975460853508,0.004347760459904785,0.14996484440295094,0.008455826762497197,0.9454988719152062,0.004339078160772557,0.9472835455160284,0.00396076879449176,0.9222880933236903,0.009394072562419201,0.9737497933054591,0.004965854725931932,0.0011636734008789063,9.108001639752548e-05,0.14849534034729003,0.011283687737618127
sylvine,xgboost,A5,f_classif,0.3,6,0.940354826896917,0.005874774438798974,0.9404732124244319,0.0058747965409936135,0.16055078392566577,0.010994348923777632,0.9403548268969167,0.005874774438798957,0.9426707804957045,0.005211444248828298,0.912771024297907,0.01220661209729401,0.9747230293151915,0.005584948035780985,0.0010730743408203125,0.00011798966693568424,0.09274125099182129,0.011721583354354139
sylvine,xgboost,A5,f_classif,0.4,8,0.9432948397525351,0.012047605924167305,0.9434027219393073,0.012050618806252281,0.14971400924777062,0.017882836479797343,0.9432948397525351,0.01204760592416733,0.9454383440352467,0.011093912591306107,0.9172256617132358,0.02040164386618123,0.9756939031015992,0.008581036750012712,0.0011831283569335937,0.00013960019618634167,0.1108363151550293,0.019015126881439477
sylvine,xgboost,A5,f_classif,0.5,10,0.9457457939421212,0.010143180251788758,0.9458420441347271,0.010142638431191188,0.15010494867341212,0.019935971587358527,0.9457457939421212,0.010143180251788729,0.9476058816607198,0.009312798600502848,0.9221467658072495,0.018174765480983415,0.9747218482035291,0.0071952879936630085,0.001206207275390625,0.00016713519915182028,0.12273354530334472,0.012898847211433806
sylvine,xgboost,A5,f_classif,0.6,12,0.9406148453253845,0.01244920248692774,0.9407200929152149,0.012440930155670094,0.15369791050087828,0.021046054141984655,0.9406148453253845,0.012449202486927772,0.9428254817213115,0.011327999418496942,0.9153235197767675,0.021299016760234095,0.9722923015141852,0.006983097839020507,0.001124429702758789,0.00021659015060427039,0.11956973075866699,0.022205040637008736
sylvine,xgboost,A5,f_classif,0.7,14,0.9452543644742892,0.005390109661951966,0.9453542392566782,0.005393823758358686,0.1465791844882492,0.011364706488397096,0.9452543644742895,0.005390109661951992,0.9470820682158243,0.005071841774313718,0.921522022426122,0.010845912296256442,0.9742387735336498,0.00916649986311655,0.001125669479370117,0.00010469801108155995,0.1437613010406494,0.02619164892840058
sylvine,xgboost,A5,f_classif,0.8,16,0.9454970741300774,0.0029254049503510413,0.9455966526698234,0.002933037125524203,0.1473734380418944,0.009516594294123775,0.9454970741300774,0.0029254049503510383,0.9472724616237554,0.0027116796717585392,0.9222949089771735,0.008349744430817778,0.9737497933054591,0.008124844289050252,0.0011121749877929688,9.311342907361635e-05,0.140960693359375,0.01496140305142358
sylvine,xgboost,A5,f_classif,0.9,18,0.9437915141936106,0.004804510997281866,0.9438899312070044,0.004785394735746179,0.15251716621310735,0.009153009578653386,0.9437915141936106,0.004804510997281831,0.9456286361700158,0.004171860578767595,0.9209466266195117,0.011855651030774378,0.9718068646209813,0.006080986112688494,0.0011722564697265625,4.270934626305664e-05,0.1634882926940918,0.00980079869316651
sylvine,xgboost,A5,linear_model,0.3,6,0.9281559932563196,0.009328869439380518,0.9282748146162781,0.009346988547189017,0.1880405565828761,0.008611052692613193,0.9281559932563195,0.009328869439380492,0.9308859768201774,0.008644353797980718,0.9017673066722918,0.014279476750103059,0.96207568563532,0.008198459681431508,0.0009547710418701172,0.00013898214295201988,0.07139616012573242,0.012065767195893343
sylvine,xgboost,A5,linear_model,0.4,8,0.9335326305530385,0.009014134220417597,0.9336442419369249,0.009012281031420002,0.17681549661951362,0.01411135339412507,0.9335326305530387,0.009014134220417634,0.9359675291874059,0.00806507854776645,0.9083733474952463,0.01663422451120345,0.9654820116693832,0.006062305142362749,0.0010707378387451172,0.0002489135068543261,0.09530439376831054,0.023453459091131154
sylvine,xgboost,A5,linear_model,0.5,10,0.9376849761346306,0.007165038566016557,0.9377893921796361,0.00716639078415101,0.16461445653195078,0.016954893485176308,0.9376849761346306,0.007165038566016557,0.9398760958816226,0.006576854222954285,0.9131692077204081,0.014898155238680487,0.9684005385869181,0.00910309814336061,0.0011522293090820313,0.00019052929529337958,0.11770572662353515,0.018327436243208105
sylvine,xgboost,A5,linear_model,0.6,12,0.9354815081978171,0.008672946466954724,0.935593376812889,0.00868980719918179,0.17152843052395156,0.015303994173339405,0.9354815081978171,0.008672946466954738,0.9378452382227407,0.00817265477190735,0.9097826424482353,0.015028307049373798,0.9679103772470651,0.011604354761508954,0.0011782169342041016,0.0003554823972648347,0.11067276000976563,0.021898124640310004
sylvine,xgboost,A5,linear_model,0.7,14,0.9406088700351102,0.006818874920937942,0.9407153280324012,0.006846211362287171,0.16189279285204283,0.013749821425058586,0.9406088700351102,0.0068188749209379396,0.9426630616283012,0.006737425345271167,0.9157638718456671,0.009546748017520422,0.9713143410578036,0.011851888795857187,0.0010326385498046875,0.00014399440045574231,0.11716279983520508,0.027017556971175524
sylvine,xgboost,A5,linear_model,0.8,16,0.9381638298549078,0.00804736549570707,0.938274814616278,0.0080566661068134,0.16324289439169545,0.013600667963957622,0.9381638298549078,0.00804736549570706,0.9403433636533866,0.00777101474863279,0.9130421090101946,0.009391099354587422,0.9693702312616634,0.008881772793865463,0.001026296615600586,0.00013254900149734463,0.11647973060607911,0.017029094185762157
sylvine,xgboost,A5,linear_model,0.9,18,0.943792130867077,0.006248927095616749,0.9438902290121802,0.00626304095703017,0.15778895539903232,0.011956842609362476,0.9437921308670771,0.006248927095616744,0.9456083718180986,0.005999496053150817,0.9208381536125845,0.009119566172977664,0.9718045023976567,0.0070007518157535415,0.0009798049926757813,6.420183379912132e-05,0.12587151527404786,0.013991591908044438
adult,transformer,A0,decision_tree,1.0,14,0.7860447341915535,0.006501062391141712,0.8612854792020688,0.004198444257495553,0.2988494707119567,0.006954612570235998,0.7860447341915535,0.0065010623911416834,0.9107003002158933,0.0029802618656519894,0.891586552324328,0.004097187279217727,0.9307028017164404,0.007685472133221996,0.5977314949035645,0.1613950191562215,252.1143406239109,16.46289898218414
adult,xgboost,A5,decision_tree,1.0,14,0.7992801478782889,0.007020247399242423,0.8747475281419032,0.005095090333615452,0.2734719418369999,0.00716370162578255,0.7992801478782889,0.007020247399242391,0.9197518582318253,0.003276338199850034,0.8963837901858642,0.0032613404574108286,0.9443736290899112,0.0037439190507038006,0.005311155319213867,0.000430145329376529,0.3067498207092285,0.008329173824835306
jasmine,transformer,A18,decision_tree,1.0,144,0.8120146423928929,0.011609858565660758,0.814407515591695,0.011422237686943662,0.4061916143478161,0.025259505026191027,0.8120146423928929,0.011609858565660788,0.8380971662835552,0.009838444575948865,0.754102629486144,0.01582169917360975,0.9440329218106995,0.02845166422624465,0.10903701782226563,0.0010507551554516526,60.01117957756672,9.957357338318591
jasmine,xgboost,A5,decision_tree,1.0,144,0.8178722057209054,0.011193852106317721,0.8198521091550223,0.010888905685309425,0.4012645687812667,0.015110397561915293,0.8178722057209054,0.011193852106317684,0.8398558234604984,0.007888897354196286,0.7674614906322222,0.014740442746429064,0.9275720164609054,0.008022052958690483,0.0010033607482910155,0.00030422717982579907,0.10373802185058593,0.012947388310665886
kr-vs-kp,transformer,A30,decision_tree,1.0,36,0.9980168361547206,0.0024469741931966577,0.9980430528375734,0.002396761000766383,0.00486243278348587,0.004823930098104744,0.9980168361547206,0.0024469741931966694,0.9979313141661864,0.0025357065421176862,0.998347079213838,0.0022633872069359995,0.9975206611570249,0.0036959801280988355,0.062029457092285155,0.0010044528842008977,68.71350810826902,26.733303978401754
kr-vs-kp,xgboost,A8,decision_tree,1.0,36,0.9944222556760576,0.0016199453709745506,0.9945220768101761,0.0016391293544572448,0.022825713476386726,0.005672438557717195,0.9944222556760576,0.0016199453709745506,0.994206229046257,0.0017314357866649735,0.9958878115561577,0.004999137489754341,0.9925619834710744,0.004526632706654253,0.0015419960021972657,0.00019990111891411057,0.09996862411499023,0.001819772708117175
nomao,transformer,A24,decision_tree,1.0,118,0.9507525483046884,0.0024713722035981764,0.9626432872921182,0.0006519601216500213,0.09691011305142146,0.004447532386220001,0.9507525483046884,0.0024713722035981526,0.9739364911898178,0.0004096091105327383,0.9692856956290257,0.0026336006271183345,0.9786413007913062,0.002102921494260021,0.7435129642486572,0.0019505774052596622,431.92300047695227,42.110663868167315
nomao,xgboost,A8,decision_tree,1.0,118,0.9620773716430915,0.003264924151535426,0.9703322787359696,0.001441238553542181,0.07935557083993448,0.0044885406986970395,0.9620773716430915,0.003264924151535461,0.9792485485435689,0.0009664374944481409,0.9770756298056703,0.0029513178451022045,0.9814380962505487,0.0012468971448196028,0.00798020362854004,0.0003274651887652847,1.3687015056610108,0.04810968279163711
sylvine,transformer,A26,decision_tree,1.0,20,0.9489022015133186,0.004044364716810108,0.9490115846213406,0.0039950990844826164,0.14677933799164206,0.009114887084902303,0.9489022015133186,0.004044364716810092,0.9506936762518642,0.0034651202767966042,0.9240629832726563,0.012417329797722714,0.9790990480240002,0.009014724407364191,0.10362138748168945,0.005684118475150056,48.43635121909649,4.679834095731671
sylvine,xgboost,A5,decision_tree,1.0,20,0.9447623793166077,0.003359203057960193,0.9448655409631019,0.0033660468943526828,0.1519868163361101,0.009295578725299123,0.9447623793166077,0.0033592030579601396,0.9466249794700904,0.003203033444617247,0.9206333725261266,0.008279392060095179,0.9742375924219877,0.008677877443151367,0.0012783050537109376,0.0004886323080810104,0.1667630195617676,0.04117866646064639
adult,transformer,A0,f_classif,1.0,14,0.7860447341915535,0.006501062391141712,0.8612854792020688,0.004198444257495553,0.2988494707119567,0.006954612570235998,0.7860447341915535,0.0065010623911416834,0.9107003002158933,0.0029802618656519894,0.891586552324328,0.004097187279217727,0.9307028017164404,0.007685472133221996,0.5977314949035645,0.1613950191562215,252.1143406239109,16.46289898218414
adult,xgboost,A5,f_classif,1.0,14,0.7992801478782889,0.007020247399242423,0.8747475281419032,0.005095090333615452,0.2734719418369999,0.00716370162578255,0.7992801478782889,0.007020247399242391,0.9197518582318253,0.003276338199850034,0.8963837901858642,0.0032613404574108286,0.9443736290899112,0.0037439190507038006,0.005311155319213867,0.000430145329376529,0.3067498207092285,0.008329173824835306
jasmine,transformer,A18,f_classif,1.0,144,0.8120146423928929,0.011609858565660758,0.814407515591695,0.011422237686943662,0.4061916143478161,0.025259505026191027,0.8120146423928929,0.011609858565660788,0.8380971662835552,0.009838444575948865,0.754102629486144,0.01582169917360975,0.9440329218106995,0.02845166422624465,0.10903701782226563,0.0010507551554516526,60.01117957756672,9.957357338318591
jasmine,xgboost,A5,f_classif,1.0,144,0.8178722057209054,0.011193852106317721,0.8198521091550223,0.010888905685309425,0.4012645687812667,0.015110397561915293,0.8178722057209054,0.011193852106317684,0.8398558234604984,0.007888897354196286,0.7674614906322222,0.014740442746429064,0.9275720164609054,0.008022052958690483,0.0010033607482910155,0.00030422717982579907,0.10373802185058593,0.012947388310665886
kr-vs-kp,transformer,A30,f_classif,1.0,36,0.9980168361547206,0.0024469741931966577,0.9980430528375734,0.002396761000766383,0.00486243278348587,0.004823930098104744,0.9980168361547206,0.0024469741931966694,0.9979313141661864,0.0025357065421176862,0.998347079213838,0.0022633872069359995,0.9975206611570249,0.0036959801280988355,0.062029457092285155,0.0010044528842008977,68.71350810826902,26.733303978401754
kr-vs-kp,xgboost,A8,f_classif,1.0,36,0.9944222556760576,0.0016199453709745506,0.9945220768101761,0.0016391293544572448,0.022825713476386726,0.005672438557717195,0.9944222556760576,0.0016199453709745506,0.994206229046257,0.0017314357866649735,0.9958878115561577,0.004999137489754341,0.9925619834710744,0.004526632706654253,0.0015419960021972657,0.00019990111891411057,0.09996862411499023,0.001819772708117175
nomao,transformer,A24,f_classif,1.0,118,0.9507525483046884,0.0024713722035981764,0.9626432872921182,0.0006519601216500213,0.09691011305142146,0.004447532386220001,0.9507525483046884,0.0024713722035981526,0.9739364911898178,0.0004096091105327383,0.9692856956290257,0.0026336006271183345,0.9786413007913062,0.002102921494260021,0.7435129642486572,0.0019505774052596622,431.92300047695227,42.110663868167315
nomao,xgboost,A8,f_classif,1.0,118,0.9620773716430915,0.003264924151535426,0.9703322787359696,0.001441238553542181,0.07935557083993448,0.0044885406986970395,0.9620773716430915,0.003264924151535461,0.9792485485435689,0.0009664374944481409,0.9770756298056703,0.0029513178451022045,0.9814380962505487,0.0012468971448196028,0.00798020362854004,0.0003274651887652847,1.3687015056610108,0.04810968279163711
sylvine,transformer,A26,f_classif,1.0,20,0.9489022015133186,0.004044364716810108,0.9490115846213406,0.0039950990844826164,0.14677933799164206,0.009114887084902303,0.9489022015133186,0.004044364716810092,0.9506936762518642,0.0034651202767966042,0.9240629832726563,0.012417329797722714,0.9790990480240002,0.009014724407364191,0.10362138748168945,0.005684118475150056,48.43635121909649,4.679834095731671
sylvine,xgboost,A5,f_classif,1.0,20,0.9447623793166077,0.003359203057960193,0.9448655409631019,0.0033660468943526828,0.1519868163361101,0.009295578725299123,0.9447623793166077,0.0033592030579601396,0.9466249794700904,0.003203033444617247,0.9206333725261266,0.008279392060095179,0.9742375924219877,0.008677877443151367,0.0012783050537109376,0.0004886323080810104,0.1667630195617676,0.04117866646064639
adult,transformer,A0,linear_model,1.0,14,0.7860447341915535,0.006501062391141712,0.8612854792020688,0.004198444257495553,0.2988494707119567,0.006954612570235998,0.7860447341915535,0.0065010623911416834,0.9107003002158933,0.0029802618656519894,0.891586552324328,0.004097187279217727,0.9307028017164404,0.007685472133221996,0.5977314949035645,0.1613950191562215,252.1143406239109,16.46289898218414
adult,xgboost,A5,linear_model,1.0,14,0.7992801478782889,0.007020247399242423,0.8747475281419032,0.005095090333615452,0.2734719418369999,0.00716370162578255,0.7992801478782889,0.007020247399242391,0.9197518582318253,0.003276338199850034,0.8963837901858642,0.0032613404574108286,0.9443736290899112,0.0037439190507038006,0.005311155319213867,0.000430145329376529,0.3067498207092285,0.008329173824835306
jasmine,transformer,A18,linear_model,1.0,144,0.8120146423928929,0.011609858565660758,0.814407515591695,0.011422237686943662,0.4061916143478161,0.025259505026191027,0.8120146423928929,0.011609858565660788,0.8380971662835552,0.009838444575948865,0.754102629486144,0.01582169917360975,0.9440329218106995,0.02845166422624465,0.10903701782226563,0.0010507551554516526,60.01117957756672,9.957357338318591
jasmine,xgboost,A5,linear_model,1.0,144,0.8178722057209054,0.011193852106317721,0.8198521091550223,0.010888905685309425,0.4012645687812667,0.015110397561915293,0.8178722057209054,0.011193852106317684,0.8398558234604984,0.007888897354196286,0.7674614906322222,0.014740442746429064,0.9275720164609054,0.008022052958690483,0.0010033607482910155,0.00030422717982579907,0.10373802185058593,0.012947388310665886
kr-vs-kp,transformer,A30,linear_model,1.0,36,0.9980168361547206,0.0024469741931966577,0.9980430528375734,0.002396761000766383,0.00486243278348587,0.004823930098104744,0.9980168361547206,0.0024469741931966694,0.9979313141661864,0.0025357065421176862,0.998347079213838,0.0022633872069359995,0.9975206611570249,0.0036959801280988355,0.062029457092285155,0.0010044528842008977,68.71350810826902,26.733303978401754
kr-vs-kp,xgboost,A8,linear_model,1.0,36,0.9944222556760576,0.0016199453709745506,0.9945220768101761,0.0016391293544572448,0.022825713476386726,0.005672438557717195,0.9944222556760576,0.0016199453709745506,0.994206229046257,0.0017314357866649735,0.9958878115561577,0.004999137489754341,0.9925619834710744,0.004526632706654253,0.0015419960021972657,0.00019990111891411057,0.09996862411499023,0.001819772708117175
nomao,transformer,A24,linear_model,1.0,118,0.9507525483046884,0.0024713722035981764,0.9626432872921182,0.0006519601216500213,0.09691011305142146,0.004447532386220001,0.9507525483046884,0.0024713722035981526,0.9739364911898178,0.0004096091105327383,0.9692856956290257,0.0026336006271183345,0.9786413007913062,0.002102921494260021,0.7435129642486572,0.0019505774052596622,431.92300047695227,42.110663868167315
nomao,xgboost,A8,linear_model,1.0,118,0.9620773716430915,0.003264924151535426,0.9703322787359696,0.001441238553542181,0.07935557083993448,0.0044885406986970395,0.9620773716430915,0.003264924151535461,0.9792485485435689,0.0009664374944481409,0.9770756298056703,0.0029513178451022045,0.9814380962505487,0.0012468971448196028,0.00798020362854004,0.0003274651887652847,1.3687015056610108,0.04810968279163711
sylvine,transformer,A26,linear_model,1.0,20,0.9489022015133186,0.004044364716810108,0.9490115846213406,0.0039950990844826164,0.14677933799164206,0.009114887084902303,0.9489022015133186,0.004044364716810092,0.9506936762518642,0.0034651202767966042,0.9240629832726563,0.012417329797722714,0.9790990480240002,0.009014724407364191,0.10362138748168945,0.005684118475150056,48.43635121909649,4.679834095731671
sylvine,xgboost,A5,linear_model,1.0,20,0.9447623793166077,0.003359203057960193,0.9448655409631019,0.0033660468943526828,0.1519868163361101,0.009295578725299123,0.9447623793166077,0.0033592030579601396,0.9466249794700904,0.003203033444617247,0.9206333725261266,0.008279392060095179,0.9742375924219877,0.008677877443151367,0.0012783050537109376,0.0004886323080810104,0.1667630195617676,0.04117866646064639
